note_id,onset,offset,score_position,score_position_offset,note,midi_number,note_duration,bar_id,bar_position
0,4.800000000000001,6.199999999999999,2.0,3.5,B5,83,1.5,0,2.0
1,5.324999999999999,5.5,3.5,4.0,B5,83,0.5,0,3.5
2,5.5,6.199999999999999,4.0,6.0,B5,83,2.0,1,0.0
3,6.199999999999999,6.429550000000001,6.0,7.0,G5,79,1.0,1,2.0
4,6.550000000000001,7.54091,7.0,8.0,E6,88,1.0,1,3.0
5,6.8803033330000005,7.54091,8.0,10.0,E6,88,2.0,2,0.0
6,7.54091,7.820449999999999,10.0,11.0,B5,83,1.0,2,2.0
7,7.820449999999999,7.909089999999999,11.0,12.0,C6,84,1.0,2,3.0
8,8.279539999999999,8.6205,12.0,13.0,F#6,90,1.0,3,0.0
9,8.6205,8.9591,13.0,14.0,E6,88,1.0,3,1.0
10,8.9591,9.2795,14.0,15.0,C6,84,1.0,3,2.0
11,9.2795,9.65,15.0,16.0,E6,88,1.0,3,3.0
12,9.65,9.95,16.0,19.0,B5,83,3.0,4,0.0
13,10.684625,11.0295,19.0,20.0,B5,83,1.0,4,3.0
14,11.0295,11.0295,20.0,21.0,C6,84,1.0,5,0.0
15,11.3795,11.5091,21.0,21.5,B5,83,0.5,5,1.0
16,11.5091,12.0205,21.5,22.0,A5,81,0.5,5,1.5
17,11.67956667,12.0205,22.0,23.0,A5,81,1.0,5,2.0
18,12.0205,12.3409,23.0,24.0,A5,81,1.0,5,3.0
19,12.4,13.4205,24.0,27.0,E6,88,3.0,6,0.0
20,13.45,13.8,27.0,28.0,B5,83,1.0,6,3.0
21,13.8,14.1591,28.0,29.0,C6,84,1.0,7,0.0
22,14.1591,14.2591,29.0,29.5,B5,83,0.5,7,1.0
23,14.2591,15.370499999999998,29.5,30.0,A5,81,0.5,7,1.5
24,14.44798889,14.825766669999998,30.0,31.0,A5,81,1.0,7,2.0
25,14.825766669999998,15.20354444,31.0,32.0,A5,81,1.0,7,3.0
26,15.20354444,15.9591,32.0,34.0,D#6,87,2.0,8,0.0
27,15.9591,16.2205,34.0,35.5,B5,83,1.5,8,2.0
28,16.5409,16.659100000000002,35.5,36.0,B5,83,0.5,8,3.5
29,16.659100000000002,16.909100000000002,36.0,38.0,B6,95,2.0,9,0.0
30,17.320500000000003,17.570500000000003,38.0,39.0,G5,79,1.0,9,2.0
31,17.570500000000003,17.6705,39.0,40.0,G#5,80,1.0,9,3.0
32,17.7409,18.6705,40.0,42.0,E6,88,2.0,10,0.0
33,18.6705,18.9295,42.0,43.0,B5,83,1.0,10,2.0
34,18.9295,18.959100000000003,43.0,44.0,C6,84,1.0,10,3.0
35,19.329500000000003,19.7295,44.0,45.0,F#6,90,1.0,11,0.0
36,19.7295,20.05,45.0,46.0,E6,88,1.0,11,1.0
37,20.0591,20.3795,46.0,47.0,C6,84,1.0,11,2.0
38,20.3795,20.75,47.0,48.0,E6,88,1.0,11,3.0
39,20.75,20.950000000000003,48.0,51.0,B6,95,3.0,12,0.0
40,21.829500000000003,21.9909,51.0,51.5,G5,79,0.5,12,3.0
41,21.9909,22.1705,51.5,52.0,A5,81,0.5,12,3.5
42,22.1705,22.65,52.0,53.0,B5,83,1.0,13,0.0
43,22.49016667,22.65,53.0,53.5,B5,83,0.5,13,1.0
44,22.65,22.8,53.5,54.0,B5,83,0.5,13,1.5
45,22.8,22.959100000000003,54.0,54.5,D6,86,0.5,13,2.0
46,22.959100000000003,22.9705,54.5,55.0,C6,84,0.5,13,2.5
47,23.1091,23.2591,55.0,55.5,C6,84,0.5,13,3.0
48,23.2591,23.440900000000003,55.5,56.0,B5,83,0.5,13,3.5
49,23.440900000000003,23.579500000000003,56.0,56.5,E6,88,0.5,14,0.0
50,23.65,23.7795,56.5,57.0,C6,84,0.5,14,0.5
51,23.7795,23.9091,57.0,57.5,B5,83,0.5,14,1.0
52,23.9091,24.820500000000003,57.5,58.0,A5,81,0.5,14,1.5
53,24.09138,24.45594,58.0,59.0,A5,81,1.0,14,2.0
54,24.45594,24.820500000000003,59.0,60.0,A5,81,1.0,14,3.0
55,24.820500000000003,25.1591,60.0,61.0,F#5,78,1.0,15,0.0
56,25.1591,25.5091,61.0,62.0,G5,79,1.0,15,1.0
57,25.5091,25.8409,62.0,63.0,A5,81,1.0,15,2.0
58,25.8409,25.85,63.0,64.0,B6,95,1.0,15,3.0
59,26.20076667,26.9205,64.0,66.0,B5,83,2.0,16,0.0
60,26.9205,27.4205,66.0,67.0,G5,79,1.0,16,2.0
61,27.253833330000003,27.4205,67.0,67.5,G5,79,0.5,16,3.0
62,27.4205,27.5909,67.5,68.0,A5,81,0.5,16,3.5
63,27.6091,27.9,68.0,69.0,B5,83,1.0,17,0.0
64,27.9,28.0205,69.0,69.5,B6,95,0.5,17,1.0
65,28.0205,28.25,69.5,70.0,B5,83,0.5,17,1.5
66,28.25,28.4091,70.0,70.5,D6,86,0.5,17,2.0
67,28.4091,28.690900000000003,70.5,71.0,C6,84,0.5,17,2.5
68,28.55,28.690900000000003,71.0,71.5,C6,84,0.5,17,3.0
69,28.690900000000003,28.8705,71.5,72.0,B5,83,0.5,17,3.5
70,28.8705,29.070500000000003,72.0,72.5,E6,88,0.5,18,0.0
71,29.070500000000003,29.2295,72.5,73.0,C6,84,0.5,18,0.5
72,29.2295,29.3705,73.0,73.5,B5,83,0.5,18,1.0
73,29.3705,30.2591,73.5,74.0,A5,81,0.5,18,1.5
74,29.54822,29.90366,74.0,75.0,A5,81,1.0,18,2.0
75,29.90366,30.2591,75.0,76.0,A5,81,1.0,18,3.0
76,30.2591,30.5909,76.0,77.0,G#5,80,1.0,19,0.0
77,30.6295,30.9795,77.0,78.0,B5,83,1.0,19,1.0
78,30.9795,31.700000000000003,78.0,79.0,E6,88,1.0,19,2.0
79,31.3369,31.6943,79.0,80.0,E6,88,1.0,19,3.0
80,31.6943,32.4091,80.0,82.0,E6,88,2.0,20,0.0
81,32.4091,32.759100000000004,82.0,83.0,A5,81,1.0,20,2.0
82,32.759100000000004,33.090900000000005,83.0,84.0,A5,81,1.0,20,3.0
83,33.090900000000005,33.090900000000005,84.0,85.0,C6,84,1.0,21,0.0
84,33.4557,33.8205,85.0,86.0,E6,88,1.0,21,1.0
85,33.8205,34.5,86.0,87.0,A6,93,1.0,21,2.0
86,34.160250000000005,34.5,87.0,88.0,A6,93,1.0,21,3.0
87,34.5,35.2409,88.0,90.0,A6,93,2.0,22,0.0
88,35.2409,35.920500000000004,90.0,91.5,B5,83,1.5,22,2.0
89,35.7506,35.920500000000004,91.5,92.0,B5,83,0.5,22,3.5
90,35.920500000000004,36.5295,92.0,94.33333333,B5,83,2.333333333,23,0.0
91,36.7909,36.8795,94.33333333,94.66666667,F#5,78,0.333333333,23,2.333333333
92,36.8795,37.090900000000005,94.66666667,95.0,G5,79,0.333333333,23,2.666666667
93,36.9852,37.090900000000005,95.0,95.33333333,A5,81,0.333333333,23,3.0
94,37.090900000000005,37.1409,95.33333333,95.66666667,G5,79,0.333333333,23,3.333333333
95,37.1409,37.25,95.66666667,96.0,F#5,78,0.333333333,23,3.666666667
96,37.25,37.340900000000005,96.0,96.33333333,G5,79,0.333333333,24,0.0
97,37.4409,37.5295,96.33333333,96.66666667,D#5,75,0.333333333,24,0.333333333
98,37.5295,37.6295,96.66666667,97.0,E5,76,0.333333333,24,0.666666667
99,37.6295,37.75,97.0,97.33333333,F#5,78,0.333333333,24,1.0
100,37.75,37.8205,97.33333333,97.66666667,E5,76,0.333333333,24,1.333333333
101,37.8205,37.9295,97.66666667,98.0,D#5,75,0.333333333,24,1.666666667
102,37.9295,38.0205,98.0,98.33333333,E5,76,0.333333333,24,2.0
103,38.0193,38.1091,98.33333333,98.66666667,A#4,70,0.333333333,24,2.333333333
104,38.1091,38.2795,98.66666667,99.0,B4,71,0.333333333,24,2.666666667
105,38.3205,38.4591,99.0,99.33333333,C5,72,0.333333333,24,3.0
106,38.5,38.7,99.33333333,99.66666667,B4,71,0.333333333,24,3.333333333
107,38.59016667,38.68033333,99.66666667,100.0,A#4,70,0.333333333,24,3.666666667
108,38.68033333,38.7705,100.0,100.3333333,B4,71,0.333333333,25,0.0
109,38.7705,38.85,100.3333333,100.6666667,F#4,66,0.333333333,25,0.333333333
110,38.85,38.9909,100.6666667,101.0,G4,67,0.333333333,25,0.666666667
111,38.9909,39.090900000000005,101.0,101.3333333,A4,69,0.333333333,25,1.0
112,39.090900000000005,39.1705,101.3333333,101.6666667,G4,67,0.333333333,25,1.333333333
113,39.1705,39.2795,101.6666667,102.0,F#4,66,0.333333333,25,1.666666667
114,39.2795,39.5,102.0,102.5,G4,67,0.5,25,2.0
115,39.5,39.65,102.5,103.0,E4,64,0.5,25,2.5
116,39.65,39.840900000000005,103.0,103.5,G4,67,0.5,25,3.0
117,39.840900000000005,40.0091,103.5,104.0,B4,71,0.5,25,3.5
118,40.0091,40.2,104.0,104.5,E5,76,0.5,26,0.0
119,40.2,40.3705,104.5,105.0,E5,76,0.5,26,0.5
120,40.3705,40.5295,105.0,105.5,G5,79,0.5,26,1.0
121,40.5409,40.7591,105.5,106.0,B5,83,0.5,26,1.5
122,40.7591,41.6091,106.0,107.5,E6,88,1.5,26,2.0
123,41.3966,41.6091,107.5,108.0,E6,88,0.5,26,3.5
124,41.6091,42.5409,108.0,110.3333333,E6,88,2.333333333,27,0.0
125,42.5409,42.65,110.3333333,110.6666667,B5,83,0.333333333,27,2.333333333
126,42.65,42.7705,110.6666667,111.0,C6,84,0.333333333,27,2.666666667
127,42.7705,42.8795,111.0,111.3333333,D6,86,0.333333333,27,3.0
128,42.8795,42.9705,111.3333333,111.6666667,C6,84,0.333333333,27,3.333333333
129,42.9705,43.0705,111.6666667,112.0,B5,83,0.333333333,27,3.666666667
130,43.0705,43.2,112.0,112.3333333,C6,84,0.333333333,28,0.0
131,43.2,43.2409,112.3333333,112.6666667,Bb5,82,0.333333333,28,0.333333333
132,43.2409,43.4705,112.6666667,113.0,A5,81,0.333333333,28,0.666666667
133,43.4705,43.5795,113.0,113.3333333,Bb5,82,0.333333333,28,1.0
134,43.6,43.6295,113.3333333,113.6666667,A5,81,0.333333333,28,1.333333333
135,43.6295,43.75,113.6666667,114.0,G#5,80,0.333333333,28,1.666666667
136,43.75,43.85,114.0,114.3333333,A5,81,0.333333333,28,2.0
137,43.9295,44.0409,114.3333333,114.6666667,D#5,75,0.333333333,28,2.333333333
138,44.0409,44.15,114.6666667,115.0,E5,76,0.333333333,28,2.666666667
139,44.15,44.2591,115.0,115.3333333,F5,77,0.333333333,28,3.0
140,44.2591,44.340900000000005,115.3333333,115.6666667,E5,76,0.333333333,28,3.333333333
141,44.340900000000005,44.45,115.6666667,116.0,D#5,75,0.333333333,28,3.666666667
142,44.45,44.5795,116.0,116.3333333,E5,76,0.333333333,29,0.0
143,44.5795,44.6909,116.3333333,116.6666667,D5,74,0.333333333,29,0.333333333
144,44.7295,44.8591,116.6666667,117.0,C5,72,0.333333333,29,0.666666667
145,44.8591,44.9705,117.0,117.3333333,C#5,73,0.333333333,29,1.0
146,44.9705,44.9909,117.3333333,117.6666667,C5,72,0.333333333,29,1.333333333
147,44.9909,45.1295,117.6666667,118.0,B4,71,0.333333333,29,1.666666667
148,45.1295,45.35,118.0,118.5,C5,72,0.5,29,2.0
149,45.35,45.5091,118.5,119.0,A4,69,0.5,29,2.5
150,45.5091,45.6909,119.0,119.5,C5,72,0.5,29,3.0
151,45.6909,45.8591,119.5,120.0,E5,76,0.5,29,3.5
152,45.8705,46.25,120.0,120.5,A5,81,0.5,30,0.0
153,46.06025,46.25,120.5,121.0,A5,81,0.5,30,0.5
154,46.25,46.3795,121.0,121.5,C6,84,0.5,30,1.0
155,46.5295,46.6,121.5,122.0,E6,88,0.5,30,1.5
156,46.6,46.8205,122.0,123.5,A6,93,1.5,30,2.0
157,47.222125,47.4295,123.5,124.0,A6,93,0.5,30,3.5
158,47.4295,47.7409,124.0,125.0,A6,93,1.0,31,0.0
159,47.83525,47.9705,125.0,125.3333333,C6,84,0.333333333,31,1.0
160,47.9705,48.1205,125.3333333,125.6666667,B5,83,0.333333333,31,1.333333333
161,48.1205,48.1909,125.6666667,126.0,A5,81,0.333333333,31,1.666666667
162,48.1909,48.340900000000005,126.0,126.3333333,G5,79,0.333333333,31,2.0
163,48.340900000000005,48.4591,126.3333333,126.6666667,E5,76,0.333333333,31,2.333333333
164,48.4591,48.5705,126.6666667,127.0,F#5,78,0.333333333,31,2.666666667
165,48.5795,48.7705,127.0,127.3333333,G5,79,0.333333333,31,3.0
166,48.7045,48.8295,127.3333333,127.6666667,F#5,78,0.333333333,31,3.333333333
167,48.8295,48.9295,127.6666667,128.0,E5,76,0.333333333,31,3.666666667
168,48.9295,49.090900000000005,128.0,128.3333333,C5,72,0.333333333,32,0.0
169,49.090900000000005,49.2205,128.3333333,128.6666667,A4,69,0.333333333,32,0.333333333
170,49.19696667,49.30303333,128.6666667,129.0,B4,71,0.333333333,32,0.666666667
171,49.30303333,49.4091,129.0,129.3333333,C5,72,0.333333333,32,1.0
172,49.4091,49.5,129.3333333,129.6666667,B4,71,0.333333333,32,1.333333333
173,49.5091,49.65,129.6666667,130.0,A4,69,0.333333333,32,1.666666667
174,49.65,49.9591,130.0,131.0,G4,67,1.0,32,2.0
175,50.0409,50.1205,131.0,131.3333333,G5,79,0.333333333,32,3.0
176,50.1205,50.2295,131.3333333,131.6666667,F#5,78,0.333333333,32,3.333333333
177,50.2295,50.3091,131.6666667,132.0,E5,76,0.333333333,32,3.666666667
178,50.3705,50.5205,132.0,132.3333333,C5,72,0.333333333,33,0.0
179,50.5205,50.6295,132.3333333,132.6666667,A4,69,0.333333333,33,0.333333333
180,50.6295,50.7409,132.6666667,133.0,B4,71,0.333333333,33,0.666666667
181,50.7409,50.8091,133.0,133.3333333,C5,72,0.333333333,33,1.0
182,50.8091,50.9409,133.3333333,133.6666667,B4,71,0.333333333,33,1.333333333
183,50.9409,51.0591,133.6666667,134.0,A4,69,0.333333333,33,1.666666667
184,51.0591,51.25,134.0,134.3333333,G4,67,0.333333333,33,2.0
185,51.25,51.3591,134.3333333,134.6666667,E4,64,0.333333333,33,2.333333333
186,51.3591,51.65,134.6666667,135.0,F#4,66,0.333333333,33,2.666666667
187,51.45606667,51.55303333,135.0,135.3333333,G4,67,0.333333333,33,3.0
188,51.55303333,51.65,135.3333333,135.6666667,F#4,66,0.333333333,33,3.333333333
189,51.65,51.7795,135.6666667,136.0,E4,64,0.333333333,33,3.666666667
190,51.8091,51.9295,136.0,136.3333333,C4,60,0.333333333,34,0.0
191,51.9295,52.1091,136.3333333,136.6666667,A4,69,0.333333333,34,0.333333333
192,52.0193,52.1091,136.6666667,137.0,B3,59,0.333333333,34,0.666666667
193,52.1091,52.2591,137.0,137.3333333,C4,60,0.333333333,34,1.0
194,52.2375,52.3659,137.3333333,137.6666667,B3,59,0.333333333,34,1.333333333
195,52.3659,52.4943,137.6666667,138.0,A3,57,0.333333333,34,1.666666667
196,52.4943,52.8795,138.0,139.0,G3,55,1.0,34,2.0
197,52.8795,53.0091,139.0,139.3333333,D4,62,0.333333333,34,3.0
198,53.0091,53.090900000000005,139.3333333,139.6666667,C4,60,0.333333333,34,3.333333333
199,53.090900000000005,53.2409,139.6666667,140.0,B3,59,0.333333333,34,3.666666667
200,53.2409,53.3295,140.0,140.3333333,C4,60,0.333333333,35,0.0
201,53.3295,53.4295,140.3333333,140.6666667,B3,59,0.333333333,35,0.333333333
202,53.45,53.5795,140.6666667,141.0,A4,69,0.333333333,35,0.666666667
203,53.5795,53.7295,141.0,141.3333333,E4,64,0.333333333,35,1.0
204,53.7295,53.8205,141.3333333,141.6666667,D4,62,0.333333333,35,1.333333333
205,53.8205,53.95,141.6666667,142.0,C4,60,0.333333333,35,1.666666667
206,53.95,54.0705,142.0,142.3333333,D4,62,0.333333333,35,2.0
207,54.0705,54.2409,142.3333333,142.6666667,C4,60,0.333333333,35,2.333333333
208,54.18525,54.3,142.6666667,143.0,B3,59,0.333333333,35,2.666666667
209,54.3,54.4205,143.0,143.3333333,F4,65,0.333333333,35,3.0
210,54.4205,54.5409,143.3333333,143.6666667,E4,64,0.333333333,35,3.333333333
211,54.5409,54.6795,143.6666667,144.0,D4,62,0.333333333,35,3.666666667
212,54.6795,54.7909,144.0,144.3333333,E4,64,0.333333333,36,0.0
213,54.7909,54.8909,144.3333333,144.6666667,D4,62,0.333333333,36,0.333333333
214,54.8909,54.9795,144.6666667,145.0,C#4,61,0.333333333,36,0.666666667
215,55.0205,55.1205,145.0,145.3333333,G4,67,0.333333333,36,1.0
216,55.1205,55.2295,145.3333333,145.6666667,F#4,66,0.333333333,36,1.333333333
217,55.2295,55.3705,145.6666667,146.0,E4,64,0.333333333,36,1.666666667
218,55.3705,55.5,146.0,146.3333333,F#4,66,0.333333333,36,2.0
219,55.5,55.590900000000005,146.3333333,146.6666667,E4,64,0.333333333,36,2.333333333
220,55.590900000000005,55.6909,146.6666667,147.0,D#4,63,0.333333333,36,2.666666667
221,55.7205,55.8205,147.0,147.3333333,G#4,68,0.333333333,36,3.0
222,55.8205,55.9591,147.3333333,147.6666667,G4,67,0.333333333,36,3.333333333
223,55.9591,56.1,147.6666667,148.0,F#4,66,0.333333333,36,3.666666667
224,56.1,56.2205,148.0,148.3333333,G4,67,0.333333333,37,0.0
225,56.2205,56.340900000000005,148.3333333,148.6666667,F#4,66,0.333333333,37,0.333333333
226,56.340900000000005,56.4591,148.6666667,149.0,E4,64,0.333333333,37,0.666666667
227,56.4705,56.5795,149.0,149.3333333,G4,67,0.333333333,37,1.0
228,56.5795,56.6909,149.3333333,149.6666667,F#4,66,0.333333333,37,1.333333333
229,56.7,56.9295,149.6666667,150.0,D4,62,0.333333333,37,1.666666667
230,56.9295,57.0,150.0,150.3333333,G5,79,0.333333333,37,2.0
231,57.0,57.090900000000005,150.3333333,150.6666667,F#5,78,0.333333333,37,2.333333333
232,57.090900000000005,57.2091,150.6666667,151.0,E5,76,0.333333333,37,2.666666667
233,57.2091,57.3205,151.0,151.3333333,G5,79,0.333333333,37,3.0
234,57.3205,57.4295,151.3333333,151.6666667,F#5,78,0.333333333,37,3.333333333
235,57.4295,57.6909,151.6666667,152.0,E5,76,0.333333333,37,3.666666667
236,57.55030769,58.63757692,152.0,155.0,G6,91,3.0,38,0.0
237,58.63757692,59.0,155.0,156.0,G3,55,1.0,38,3.0
238,59.0,59.3909,155.0,156.0,G4,67,1.0,38,3.0
239,59.4705,59.9705,156.0,157.0,A#3,58,1.0,39,0.0
240,59.4591,59.8591,156.0,157.0,A#4,70,1.0,39,0.0
241,59.9409,60.2205,157.0,158.0,C#4,61,1.0,39,1.0
242,59.8795,60.2205,157.0,158.0,C#5,73,1.0,39,1.0
243,60.35,60.6205,158.0,159.0,E4,64,1.0,39,2.0
244,60.51475,60.6795,158.0,159.0,E5,76,1.0,39,2.0
245,60.6795,60.9409,159.0,160.0,G4,67,1.0,39,3.0
246,60.86475,61.05,159.0,160.0,G5,79,1.0,39,3.0
247,61.05,61.3205,160.0,161.0,A#4,70,1.0,40,0.0
248,61.0591,61.3205,160.0,161.0,A#5,82,1.0,40,0.0
249,61.4205,61.7295,161.0,162.0,C#5,73,1.0,40,1.0
250,61.58525,61.75,161.0,162.0,C#6,85,1.0,40,1.0
251,61.75,61.9795,162.0,163.0,E5,76,1.0,40,2.0
252,61.92045,62.090900000000005,162.0,163.0,E6,88,1.0,40,2.0
253,62.090900000000005,62.4205,163.0,164.0,G5,79,1.0,40,3.0
254,62.3,62.5091,163.0,164.0,G6,91,1.0,40,3.0
255,62.5091,62.940900000000006,164.0,166.0,B6,95,2.0,41,0.0
256,63.3795,64.14999999999999,166.0,168.0,B3,59,2.0,41,2.0
257,64.19999999999999,64.64999999999999,168.0,171.0,A#3,58,3.0,42,0.0
258,65.39999999999999,65.8205,171.0,171.3333333,G4,67,0.333333333,42,3.0
259,65.55303332999999,65.70606667,171.3333333,171.6666667,G3,55,0.333333333,42,3.333333333
260,65.70606667,65.8591,171.6666667,172.0,G4,67,0.333333333,42,3.666666667
261,65.8591,66.05,172.0,172.3333333,A#4,70,0.333333333,43,0.0
262,66.05,66.14089999999999,172.3333333,172.6666667,A#3,58,0.333333333,43,0.333333333
263,66.125,66.19999999999999,172.6666667,173.0,A#4,70,0.333333333,43,0.666666667
264,66.19999999999999,66.3205,173.0,173.3333333,C#5,73,0.333333333,43,1.0
265,66.3205,66.45909999999999,173.3333333,173.6666667,C#4,61,0.333333333,43,1.333333333
266,66.43069999999999,66.5409,173.6666667,174.0,C#5,73,0.333333333,43,1.666666667
267,66.5409,66.6591,174.0,174.3333333,E5,76,0.333333333,43,2.0
268,66.6591,66.7909,174.3333333,174.6666667,E4,64,0.333333333,43,2.333333333
269,66.75909999999999,66.8591,174.6666667,175.0,E5,76,0.333333333,43,2.666666667
270,66.8591,66.9909,175.0,175.3333333,G5,79,0.333333333,43,3.0
271,66.9909,67.1295,175.3333333,175.6666667,G#5,80,0.333333333,43,3.333333333
272,67.0852,67.17949999999999,175.6666667,176.0,G5,79,0.333333333,43,3.666666667
273,67.17949999999999,67.3295,176.0,176.3333333,A#5,82,0.333333333,44,0.0
274,67.3295,67.4705,176.3333333,176.6666667,A#4,70,0.333333333,44,0.333333333
275,67.4705,67.55,176.6666667,177.0,B5,83,0.333333333,44,0.666666667
276,67.55,67.64999999999999,177.0,177.3333333,C#6,85,0.333333333,44,1.0
277,67.64999999999999,67.84089999999999,177.3333333,177.6666667,C#5,73,0.333333333,44,1.333333333
278,67.75455,67.8591,177.6666667,178.0,C#6,85,0.333333333,44,1.666666667
279,67.8591,67.94999999999999,178.0,178.3333333,E6,88,0.333333333,44,2.0
280,67.94999999999999,68.1,178.3333333,178.6666667,E5,76,0.333333333,44,2.333333333
281,68.05983332999999,68.16966667,178.6666667,179.0,E6,88,0.333333333,44,2.666666667
282,68.16966667,68.2795,179.0,179.3333333,G6,91,0.333333333,44,3.0
283,68.2795,68.4909,179.3333333,179.6666667,G5,79,0.333333333,44,3.333333333
284,68.41019999999999,68.5409,179.6666667,180.0,G6,91,0.333333333,44,3.666666667
285,68.5409,69.6,180.0,183.0,B6,95,3.0,45,0.0
287,71.9091,72.17949999999999,190.0,191.0,B5,83,1.0,47,0.0
288,72.3205,72.64089999999999,191.0,192.0,G6,91,1.0,47,1.0
289,72.67049999999999,72.8295,192.0,193.0,D#6,87,1.0,48,0.0
290,72.95909999999999,73.3,193.0,194.0,E6,88,1.0,48,1.0
291,73.3091,73.64089999999999,194.0,195.0,A#5,82,1.0,48,2.0
292,73.64089999999999,73.9409,195.0,196.0,B5,83,1.0,48,3.0
293,73.95909999999999,74.25,196.0,197.0,F#5,78,1.0,49,0.0
294,74.25,74.6,197.0,198.0,G5,79,1.0,49,1.0
295,74.6091,74.89089999999999,198.0,199.0,A5,81,1.0,49,2.0
296,74.95909999999999,75.14089999999999,199.0,200.0,E6,88,1.0,49,3.0
297,75.14089999999999,75.3295,200.0,201.0,E5,76,1.0,50,0.0
298,75.8,75.84089999999999,201.0,201.5,D6,86,0.5,50,1.0
299,75.84089999999999,75.9705,201.5,202.0,C6,84,0.5,50,1.5
300,76.00909999999999,76.35,202.0,203.0,A5,81,1.0,50,2.0
301,76.35,76.72949999999999,203.0,204.0,D6,86,1.0,50,3.0
302,76.72949999999999,76.72949999999999,204.0,205.0,C6,84,1.0,51,0.0
303,77.12049999999999,77.3591,205.0,206.0,B5,83,1.0,51,1.0
304,77.45909999999999,77.8295,206.0,207.0,B4,71,1.0,51,2.0
305,77.8591,78.1909,207.0,208.0,B5,83,1.0,51,3.0
306,78.1909,78.39999999999999,208.0,209.0,F#5,78,1.0,52,0.0
307,78.5,78.8295,209.0,210.0,G5,79,1.0,52,1.0
308,78.8295,79.09089999999999,210.0,211.0,D#5,75,1.0,52,2.0
309,79.14999999999999,79.5,211.0,212.0,E5,76,1.0,52,3.0
310,79.5295,79.75,212.0,213.0,A#4,70,1.0,53,0.0
311,79.85,80.3795,213.0,214.0,B4,71,1.0,53,1.0
312,80.21475,80.5795,214.0,215.0,B4,71,1.0,53,2.0
313,80.5795,80.9091,215.0,216.0,B5,83,1.0,53,3.0
314,80.9091,81.25909999999999,216.0,217.0,F#5,78,1.0,54,0.0
315,81.2795,81.50909999999999,217.0,218.0,G5,79,1.0,54,1.0
316,81.5705,81.92049999999999,218.0,219.0,D#5,75,1.0,54,2.0
317,81.92049999999999,82.25909999999999,219.0,220.0,E5,76,1.0,54,3.0
318,82.39089999999999,82.5705,220.0,221.0,A#4,70,1.0,55,0.0
319,82.64089999999999,82.97949999999999,221.0,222.0,B4,71,1.0,55,1.0
320,83.00909999999999,83.4091,222.0,223.0,D5,74,1.0,55,2.0
321,83.4091,84.97949999999999,223.0,224.0,B5,83,1.0,55,3.0
322,83.85778570999999,84.97949999999999,224.0,226.5,B5,83,2.5,56,0.0
323,84.97949999999999,85.17049999999999,226.5,227.0,A5,81,0.5,56,2.5
324,85.17049999999999,85.34089999999999,227.0,227.5,G5,79,0.5,56,3.0
325,85.34089999999999,85.5409,227.5,228.0,E5,76,0.5,56,3.5
326,85.5409,85.72949999999999,228.0,228.5,C#5,73,0.5,57,0.0
327,85.72949999999999,85.8591,228.5,229.0,B4,71,0.5,57,0.5
328,85.8591,86.0295,229.0,229.5,A4,69,0.5,57,1.0
329,86.0295,86.17949999999999,229.5,230.0,G4,67,0.5,57,1.5
330,86.19999999999999,86.42049999999999,230.0,230.5,E4,64,0.5,57,2.0
331,86.4409,86.5795,230.5,231.0,C#4,61,0.5,57,2.5
332,86.5795,86.72949999999999,231.0,231.5,B3,59,0.5,57,3.0
333,86.7705,86.89999999999999,231.5,232.0,A3,57,0.5,57,3.5
334,86.89999999999999,87.0795,232.0,232.5,C#4,61,0.5,58,0.0
335,87.0795,87.25909999999999,232.5,233.0,E4,64,0.5,58,0.5
336,87.25909999999999,87.39999999999999,233.0,233.5,A4,69,0.5,58,1.0
337,87.39999999999999,87.6295,233.5,234.0,C#5,73,0.5,58,1.5
338,87.64999999999999,87.7795,234.0,234.5,E5,76,0.5,58,2.0
339,87.7795,87.94999999999999,234.5,235.0,A5,81,0.5,58,2.5
340,87.94999999999999,88.2205,235.0,235.5,C#6,85,0.5,58,3.0
341,88.16135713999999,88.37271428999999,235.5,236.0,E6,88,0.5,58,3.5
342,88.37271428999999,89.42949999999999,236.0,238.5,E6,88,2.5,59,0.0
343,89.42949999999999,89.6,238.5,239.0,D6,86,0.5,59,2.5
344,89.6,89.7795,239.0,239.5,C6,84,0.5,59,3.0
345,89.85,89.95909999999999,239.5,240.0,A5,81,0.5,59,3.5
346,89.95909999999999,90.1409,240.0,240.5,F#5,78,0.5,60,0.0
347,90.15,90.1795,240.5,241.0,E5,76,0.5,60,0.5
348,90.2795,90.5,241.0,241.5,D5,74,0.5,60,1.0
349,90.55,90.6591,241.5,242.0,C5,72,0.5,60,1.5
350,90.6795,90.8909,242.0,242.5,A4,69,0.5,60,2.0
351,90.8909,91.0205,242.5,243.0,F#4,66,0.5,60,2.5
352,91.0409,91.2,243.0,243.5,E4,64,0.5,60,3.0
353,91.2295,91.4205,243.5,244.0,D4,62,0.5,60,3.5
354,91.4,91.5705,244.0,244.5,F#4,66,0.5,61,0.0
355,91.5705,91.7409,244.5,245.0,A4,69,0.5,61,0.5
356,91.7409,91.9,245.0,245.5,D5,74,0.5,61,1.0
357,91.9,92.1205,245.5,246.0,F#5,78,0.5,61,1.5
358,92.1205,92.3795,246.0,246.5,A5,81,0.5,61,2.0
359,92.4205,92.5205,246.5,247.0,D6,86,0.5,61,2.5
360,92.6091,92.65,247.0,247.5,F#6,90,0.5,61,3.0
361,92.65,93.15,247.5,248.0,A6,93,0.5,61,3.5
362,92.86515,93.9409,248.0,250.5,A6,93,2.5,62,0.0
363,93.9409,94.1295,250.5,251.0,G6,91,0.5,62,2.5
364,94.1295,94.25,251.0,251.5,F6,89,0.5,62,3.0
365,94.3205,94.4591,251.5,252.0,D6,86,0.5,62,3.5
366,94.5295,94.7205,252.0,252.5,B5,83,0.5,63,0.0
367,94.7205,94.8909,252.5,253.0,A5,81,0.5,63,0.5
368,94.8909,95.05,253.0,253.5,G5,79,0.5,63,1.0
369,95.05,95.25,253.5,254.0,F5,77,0.5,63,1.5
370,95.25,95.4205,254.0,254.5,D5,74,0.5,63,2.0
371,95.4205,95.6,254.5,255.0,B4,71,0.5,63,2.5
372,95.6,95.7909,255.0,255.5,A4,69,0.5,63,3.0
373,95.7909,95.9705,255.5,256.0,G4,67,0.5,63,3.5
374,95.9705,96.1591,256.0,256.5,F4,65,0.5,64,0.0
375,96.1591,96.3409,256.5,257.0,D4,62,0.5,64,0.5
376,96.3705,96.5205,257.0,257.5,B3,59,0.5,64,1.0
377,96.5591,96.7295,257.5,258.0,A3,57,0.5,64,1.5
378,96.7295,96.9295,258.0,258.5,G3,55,0.5,64,2.0
379,96.9295,97.0909,258.5,259.0,B3,59,0.5,64,2.5
380,97.0909,97.3,259.0,259.5,D4,62,0.5,64,3.0
381,97.3591,97.4705,259.5,260.0,F4,65,0.5,64,3.5
382,97.4705,97.6591,260.0,260.5,E4,64,0.5,65,0.0
383,97.6795,97.8205,260.5,261.0,D4,62,0.5,65,0.5
384,97.85,97.8591,261.0,261.5,C4,60,0.5,65,1.0
385,98.0295,98.2295,261.5,262.0,D5,74,0.5,65,1.5
386,98.2409,98.4091,262.0,262.5,C5,72,0.5,65,2.0
387,98.4091,98.5591,262.5,263.0,B4,71,0.5,65,2.5
388,98.5591,98.73,263.0,263.5,A4,69,0.5,65,3.0
389,98.73,98.93,263.5,264.0,F5,77,0.5,65,3.5
390,98.93,99.1,264.0,264.5,E5,76,0.5,66,0.0
391,99.1,99.291,264.5,265.0,C5,72,0.5,66,0.5
392,99.291,99.459,265.0,265.5,A4,69,0.5,66,1.0
393,99.459,99.62,265.5,266.0,G#5,80,0.5,66,1.5
394,99.62,99.82,266.0,266.5,A5,81,0.5,66,2.0
395,99.82,100.0,266.5,267.0,E5,76,0.5,66,2.5
396,100.0,100.009,267.0,267.5,C5,72,0.5,66,3.0
397,100.25,100.491,267.5,268.0,D#6,87,0.5,66,3.5
398,100.491,100.72,268.0,268.5,E6,88,0.5,67,0.0
399,100.759,100.93,268.5,269.0,C#6,85,0.5,67,0.5
400,100.93,101.1,269.0,269.5,Bb5,82,0.5,67,1.0
401,101.1,101.3,269.5,270.0,G5,79,0.5,67,1.5
402,101.3,101.48,270.0,270.5,E5,76,0.5,67,2.0
403,101.48,101.659,270.5,271.0,C#5,73,0.5,67,2.5
404,101.659,101.8,271.0,271.5,Bb4,70,0.5,67,3.0
405,101.859,102.05,271.5,272.0,G4,67,0.5,67,3.5
406,102.05,102.341,272.0,272.3333333,F#4,66,0.333333333,68,0.0
407,102.1955,102.341,272.3333333,272.6666667,F#4,66,0.333333333,68,0.333333333
408,102.341,102.48,272.6666667,273.0,F#4,66,0.333333333,68,0.666666667
409,102.4105,102.48,273.0,273.3333333,D4,62,0.333333333,68,1.0
410,102.4105,102.48,273.0,273.3333333,F#4,66,0.333333333,68,1.0
411,102.48,102.8,273.3333333,273.6666667,D4,62,0.333333333,68,1.333333333
412,102.5458,102.6116,273.3333333,273.6666667,F#4,66,0.333333333,68,1.333333333
413,102.6116,102.6774,273.6666667,274.0,D4,62,0.333333333,68,1.666666667
414,102.6116,102.6774,273.6666667,274.0,F#4,66,0.333333333,68,1.666666667
415,102.6774,102.7432,274.0,274.3333333,Fb4,64,0.333333333,68,2.0
416,102.6774,102.7432,274.0,274.3333333,A4,69,0.333333333,68,2.0
417,102.7432,102.809,274.3333333,274.6666667,Eb4,63,0.333333333,68,2.333333333
418,102.809,103.1,274.3333333,274.6666667,G4,67,0.333333333,68,2.333333333
419,102.906,103.003,274.6666667,275.0,Eb4,63,0.333333333,68,2.666666667
420,102.906,103.003,274.6666667,275.0,Gb4,66,0.333333333,68,2.666666667
421,103.003,103.1,275.0,275.3333333,E4,64,0.333333333,68,3.0
422,103.1,103.33,275.0,275.3333333,G4,67,0.333333333,68,3.0
423,103.159,103.38,275.3333333,275.6666667,E4,64,0.333333333,68,3.333333333
424,103.20175,103.2445,275.3333333,275.6666667,Gb4,66,0.333333333,68,3.333333333
425,103.2445,103.28725,275.6666667,276.0,E4,64,0.333333333,68,3.666666667
426,103.2445,103.28725,275.6666667,276.0,Gb4,66,0.333333333,68,3.666666667
427,103.28725,103.33,276.0,276.3333333,F4,65,0.333333333,69,0.0
428,103.33,103.509,276.0,276.3333333,G4,67,0.333333333,69,0.0
429,103.48,103.9,276.3333333,276.6666667,F4,65,0.333333333,69,0.333333333
430,103.1445,102.809,276.3333333,276.6666667,A4,69,0.333333333,69,0.333333333
431,102.809,103.141,276.6666667,277.0,Eb4,63,0.333333333,69,0.666666667
432,103.541,104.241,276.6666667,277.0,A4,69,0.333333333,69,0.666666667
433,103.6705,103.8,277.0,277.3333333,F#4,66,0.333333333,69,1.0
434,103.6705,103.8,277.0,277.3333333,A4,69,0.333333333,69,1.0
435,103.8,104.13,277.3333333,277.6666667,F#4,66,0.333333333,69,1.333333333
436,103.9166667,104.0333333,277.3333333,277.6666667,A4,69,0.333333333,69,1.333333333
437,104.0333333,104.15,277.6666667,278.0,F#4,66,0.333333333,69,1.666666667
438,104.0333333,104.15,277.6666667,278.0,A4,69,0.333333333,69,1.666666667
439,104.15,104.65,278.0,278.3333333,G4,67,0.333333333,69,2.0
440,104.234,104.318,278.0,278.3333333,Bb4,70,0.333333333,69,2.0
441,104.318,104.402,278.3333333,278.6666667,G4,67,0.333333333,69,2.333333333
442,104.318,104.402,278.3333333,278.6666667,Bb4,70,0.333333333,69,2.333333333
443,104.402,104.486,278.6666667,279.0,G4,67,0.333333333,69,2.666666667
444,104.402,104.486,278.6666667,279.0,Bb4,70,0.333333333,69,2.666666667
445,104.486,104.57,279.0,279.3333333,A4,69,0.333333333,69,3.0
446,104.57,104.85,279.0,279.3333333,C5,72,0.333333333,69,3.0
447,104.591,104.97,279.3333333,279.6666667,A4,69,0.333333333,69,3.333333333
448,104.704,104.817,279.3333333,279.6666667,C5,72,0.333333333,69,3.333333333
449,104.817,104.93,279.6666667,280.0,A4,69,0.333333333,69,3.666666667
450,104.817,104.93,279.6666667,280.0,C5,72,0.333333333,69,3.666666667
451,104.93,105.291,280.0,280.3333333,Bb4,70,0.333333333,70,0.0
452,104.92,105.67,280.0,280.3333333,D5,74,0.333333333,70,0.0
453,104.5805,104.241,280.3333333,280.6666667,Bb4,70,0.333333333,70,0.333333333
454,104.5805,104.241,280.3333333,280.6666667,D5,74,0.333333333,70,0.333333333
455,104.241,104.541,280.6666667,281.0,Bb4,70,0.333333333,70,0.666666667
456,104.7605,105.28,280.6666667,281.0,D5,74,0.333333333,70,0.666666667
457,105.28,105.541,281.0,281.3333333,B4,71,0.333333333,70,1.0
458,105.367,105.454,281.0,281.3333333,D5,74,0.333333333,70,1.0
459,105.454,105.541,281.3333333,281.6666667,B4,71,0.333333333,70,1.333333333
460,105.454,105.541,281.3333333,281.6666667,D5,74,0.333333333,70,1.333333333
461,105.541,105.62,281.6666667,282.0,B4,71,0.333333333,70,1.666666667
462,105.5805,105.62,281.6666667,282.0,D5,74,0.333333333,70,1.666666667
463,105.62,105.78,282.0,282.3333333,C5,72,0.333333333,70,2.0
464,105.7103333,105.8006667,282.0,282.3333333,Eb5,75,0.333333333,70,2.0
465,105.8006667,105.891,282.3333333,282.6666667,C5,72,0.333333333,70,2.333333333
466,105.8006667,105.891,282.3333333,282.6666667,Eb5,75,0.333333333,70,2.333333333
467,105.891,106.17,282.6666667,283.0,D4,62,0.333333333,70,2.666666667
468,105.9355,105.98,282.6666667,283.0,Eb5,75,0.333333333,70,2.666666667
469,105.98,106.359,283.0,283.3333333,C#5,73,0.333333333,70,3.0
470,106.1063333,106.2326667,283.0,283.3333333,E5,76,0.333333333,70,3.0
471,106.2326667,106.359,283.3333333,283.6666667,C#5,73,0.333333333,70,3.333333333
472,106.2326667,106.359,283.3333333,283.6666667,E5,76,0.333333333,70,3.333333333
473,106.359,106.78,283.6666667,284.0,C#5,73,0.333333333,70,3.666666667
474,106.18175,106.0045,283.6666667,284.0,E5,76,0.333333333,70,3.666666667
475,106.0045,105.82725,284.0,284.3333333,C#5,73,0.333333333,71,0.0
476,106.0045,105.82725,284.0,284.3333333,G5,79,0.333333333,71,0.0
477,105.82725,105.65,284.3333333,284.6666667,C#5,73,0.333333333,71,0.333333333
478,105.82725,105.65,284.3333333,284.6666667,G5,79,0.333333333,71,0.333333333
479,105.65,105.891,284.6666667,285.0,Eb5,75,0.333333333,71,0.666666667
480,106.68,106.78,284.6666667,285.0,G#5,80,0.333333333,71,0.666666667
481,106.7195,106.759,285.0,285.3333333,E5,76,0.333333333,71,1.0
482,106.759,107.3,285.0,285.3333333,Bb5,82,0.333333333,71,1.0
483,105.891,106.009,285.3333333,285.6666667,D5,74,0.333333333,71,1.333333333
484,106.88,107.409,285.3333333,285.6666667,E5,76,0.333333333,71,1.333333333
485,105.93,106.22,285.6666667,286.0,C#7,97,0.333333333,71,1.666666667
486,105.965,106.0,285.6666667,286.0,Bb5,82,0.333333333,71,1.666666667
487,106.0,106.23,286.0,286.3333333,E5,76,0.333333333,71,2.0
488,106.4333333,106.8666667,286.0,286.3333333,Bb5,82,0.333333333,71,2.0
489,106.8666667,107.3,286.3333333,286.6666667,E5,76,0.333333333,71,2.333333333
490,107.3,107.43,286.3333333,286.6666667,Bb5,82,0.333333333,71,2.333333333
491,106.23,106.341,286.6666667,287.0,E5,76,0.333333333,71,2.666666667
492,107.48,107.7,286.6666667,287.0,G5,79,0.333333333,71,2.666666667
493,106.35,106.68,287.0,287.3333333,G5,79,0.333333333,71,3.0
494,107.5,107.82,287.0,287.3333333,C#6,85,0.333333333,71,3.0
495,107.6,107.7,287.3333333,287.6666667,G5,79,0.333333333,71,3.333333333
496,107.7,107.82,287.3333333,287.6666667,G5,79,0.333333333,71,3.333333333
497,106.67,106.78,287.6666667,288.0,D5,74,0.333333333,71,3.666666667
498,107.9,108.359,287.6666667,288.0,D6,86,0.333333333,71,3.666666667
500,108.341,108.53,292.0,292.3333333,D4,62,0.333333333,73,0.0
501,108.27,108.55,292.0,292.3333333,F#4,66,0.333333333,73,0.0
502,108.7,108.97,292.3333333,292.6666667,Eb4,63,0.333333333,73,0.333333333
503,108.559,108.93,292.3333333,292.6666667,G4,67,0.333333333,73,0.333333333
504,109.35,109.741,292.6666667,293.0,F4,65,0.333333333,73,0.666666667
505,109.67,109.93,292.6666667,293.0,A4,69,0.333333333,73,0.666666667
506,109.759,110.08,293.0,293.3333333,F#4,66,0.333333333,73,1.0
507,109.80175,109.8445,293.0,293.3333333,A4,69,0.333333333,73,1.0
508,109.8445,109.88725,293.3333333,293.6666667,F#4,66,0.333333333,73,1.333333333
509,109.8445,109.88725,293.3333333,293.6666667,A4,69,0.333333333,73,1.333333333
510,109.88725,109.93,293.6666667,294.0,F#4,66,0.333333333,73,1.666666667
511,109.93,110.15,293.6666667,294.0,A4,69,0.333333333,73,1.666666667
512,110.0133333,110.0966667,294.0,294.3333333,G4,67,0.333333333,73,2.0
513,110.0133333,110.0966667,294.0,294.3333333,Bb4,70,0.333333333,73,2.0
514,110.0966667,110.18,294.3333333,294.6666667,G4,67,0.333333333,73,2.333333333
515,110.18,110.48,294.3333333,294.6666667,Bb4,70,0.333333333,73,2.333333333
516,110.109,110.541,294.6666667,295.0,G4,67,0.333333333,73,2.666666667
517,110.2945,110.48,294.6666667,295.0,Bb4,70,0.333333333,73,2.666666667
518,110.48,110.941,295.0,295.3333333,A4,69,0.333333333,73,3.0
519,110.4933333,110.5066667,295.0,295.3333333,C5,72,0.333333333,73,3.0
520,110.5066667,110.52,295.3333333,295.6666667,A4,69,0.333333333,73,3.333333333
521,110.52,110.741,295.3333333,295.6666667,C5,72,0.333333333,73,3.333333333
522,110.5936667,110.6673333,295.6666667,296.0,A4,69,0.333333333,73,3.666666667
523,110.5936667,110.6673333,295.6666667,296.0,C5,72,0.333333333,73,3.666666667
524,110.6673333,110.741,296.0,296.3333333,Bb4,70,0.333333333,74,0.0
525,110.741,110.941,296.0,296.3333333,C#5,73,0.333333333,74,0.0
526,110.775,110.809,296.3333333,296.6666667,Bb4,70,0.333333333,74,0.333333333
527,110.809,111.309,296.3333333,296.6666667,D5,74,0.333333333,74,0.333333333
528,110.809,111.091,296.6666667,297.0,Bb4,70,0.333333333,74,0.666666667
529,110.95,111.091,296.6666667,297.0,D5,74,0.333333333,74,0.666666667
530,111.091,111.209,297.0,297.3333333,Bb4,70,0.333333333,74,1.0
531,111.125,111.159,297.0,297.3333333,D5,74,0.333333333,74,1.0
532,111.159,111.291,297.3333333,297.6666667,B4,71,0.333333333,74,1.333333333
533,111.225,111.291,297.3333333,297.6666667,D5,74,0.333333333,74,1.333333333
534,111.291,111.5,297.6666667,298.0,B4,71,0.333333333,74,1.666666667
535,111.309,111.57,297.6666667,298.0,D5,74,0.333333333,74,1.666666667
536,111.425,111.541,298.0,298.3333333,C5,72,0.333333333,74,2.0
537,111.425,111.541,298.0,298.3333333,Eb5,75,0.333333333,74,2.0
538,111.541,111.77,298.3333333,298.6666667,C5,72,0.333333333,74,2.333333333
539,111.541,111.78,298.3333333,298.6666667,Eb5,75,0.333333333,74,2.333333333
540,111.6705,111.8,298.6666667,299.0,C5,72,0.333333333,74,2.666666667
541,111.6705,111.8,298.6666667,299.0,Eb5,75,0.333333333,74,2.666666667
542,111.8,111.93,299.0,299.3333333,D4,62,0.333333333,74,3.0
543,111.791,112.42,299.0,299.3333333,G5,79,0.333333333,74,3.0
544,111.85,112.541,299.3333333,299.6666667,C#6,85,0.333333333,74,3.333333333
545,111.8795,111.909,299.3333333,299.6666667,E5,76,0.333333333,74,3.333333333
546,111.909,112.059,299.6666667,300.0,C#5,73,0.333333333,74,3.666666667
547,111.93,112.241,299.6666667,300.0,E5,76,0.333333333,74,3.666666667
548,112.059,112.291,300.0,300.3333333,C#5,73,0.333333333,75,0.0
549,112.175,112.291,300.0,300.3333333,G5,79,0.333333333,75,0.0
550,112.291,112.409,300.3333333,300.6666667,C#5,73,0.333333333,75,0.333333333
551,112.27,112.52,300.3333333,300.6666667,G4,67,0.333333333,75,0.333333333
552,112.409,112.559,300.6666667,301.0,C#5,73,0.333333333,75,0.666666667
553,112.42,112.78,300.6666667,301.0,G5,79,0.333333333,75,0.666666667
554,112.5,112.58,301.0,301.3333333,E5,76,0.333333333,75,1.0
555,112.5,112.58,301.0,301.3333333,Bb5,82,0.333333333,75,1.0
556,112.58,112.67,301.3333333,301.6666667,D5,74,0.333333333,75,1.333333333
557,112.659,112.909,301.3333333,301.6666667,Bb5,82,0.333333333,75,1.333333333
558,112.65,112.78,301.6666667,302.0,E5,76,0.333333333,75,1.666666667
559,112.715,112.78,301.6666667,302.0,Bb5,82,0.333333333,75,1.666666667
560,112.78,113.33,302.0,302.3333333,E5,76,0.333333333,75,2.0
561,112.909,113.259,302.0,302.3333333,Bb5,82,0.333333333,75,2.0
562,113.0256667,113.1423333,302.3333333,302.6666667,E5,76,0.333333333,75,2.333333333
563,113.0256667,113.1423333,302.3333333,302.6666667,Bb5,82,0.333333333,75,2.333333333
564,113.1423333,113.259,302.6666667,303.0,E5,76,0.333333333,75,2.666666667
565,113.259,113.37,302.6666667,303.0,Bb5,82,0.333333333,75,2.666666667
566,113.27,113.5,303.0,303.3333333,F5,77,0.333333333,75,3.0
567,113.391,113.67,303.0,303.3333333,C#6,85,0.333333333,75,3.0
568,113.4803333,113.5696667,303.3333333,303.6666667,G5,79,0.333333333,75,3.333333333
569,113.4803333,113.5696667,303.3333333,303.6666667,C#6,85,0.333333333,75,3.333333333
570,113.5696667,113.659,303.6666667,304.0,G5,79,0.333333333,75,3.666666667
571,113.659,114.459,303.6666667,304.0,C#7,97,0.333333333,75,3.666666667
572,113.67,113.82,304.0,304.3333333,A4,69,0.333333333,76,0.0
573,113.68,113.82,304.0,304.3333333,A5,81,0.333333333,76,0.0
574,113.759,114.03,304.3333333,304.6666667,F#5,78,0.333333333,76,0.333333333
575,113.77,114.241,304.3333333,304.6666667,D6,86,0.333333333,76,0.333333333
576,113.9,114.03,304.6666667,305.0,E5,76,0.333333333,76,0.666666667
577,113.9,114.03,304.6666667,305.0,Bb5,82,0.333333333,76,0.666666667
578,114.03,114.459,305.0,305.3333333,F#5,78,0.333333333,76,1.0
579,114.0855556,114.2522222,305.0,306.0,F#5,78,1.0,76,1.0
580,114.2522222,114.3077778,305.3333333,305.6666667,Eb6,87,0.333333333,76,1.333333333
581,114.3077778,114.3633333,305.6666667,306.0,D6,86,0.333333333,76,1.666666667
583,114.53,115.309,306.0,306.3333333,D4,62,0.333333333,76,2.0
584,114.675,114.82,306.3333333,306.6666667,D4,62,0.333333333,76,2.333333333
585,114.82,114.9,306.6666667,307.0,A5,81,0.333333333,76,2.666666667
586,114.9,115.091,307.0,307.3333333,C6,84,0.333333333,76,3.0
587,114.9,115.27,307.0,308.0,Eb5,75,1.0,76,3.0
588,115.05,115.3,307.3333333,307.6666667,D6,86,0.333333333,76,3.333333333
589,115.1,115.15,307.6666667,308.0,C6,84,0.333333333,76,3.666666667
591,115.3,115.741,308.0,308.3333333,A5,81,0.333333333,77,0.0
592,115.309,115.63,308.3333333,308.6666667,D4,62,0.333333333,77,0.333333333
593,115.4695,115.63,308.6666667,309.0,D4,62,0.333333333,77,0.666666667
594,115.63,116.009,309.0,309.3333333,Bb5,82,0.333333333,77,1.0
595,115.6733333,115.8033333,309.0,310.0,D5,74,1.0,77,1.0
596,115.8033333,115.8466667,309.3333333,309.6666667,C6,84,0.333333333,77,1.333333333
597,115.8466667,115.89,309.6666667,310.0,Bb5,82,0.333333333,77,1.666666667
599,116.02,116.38,310.0,310.3333333,A4,69,0.333333333,77,2.0
600,116.059,116.4,310.3333333,310.6666667,D4,62,0.333333333,77,2.333333333
601,116.2395,116.42,310.6666667,311.0,D4,62,0.333333333,77,2.666666667
602,116.42,116.77,311.0,311.3333333,C7,96,0.333333333,77,3.0
603,116.43,116.891,311.0,312.0,C5,72,1.0,77,3.0
604,116.5875,116.64,311.3333333,311.6666667,Bb5,82,0.333333333,77,3.333333333
605,116.64,116.6925,311.6666667,312.0,A5,81,0.333333333,77,3.666666667
607,116.85,117.591,312.0,312.3333333,D4,62,0.333333333,78,0.0
608,116.9733333,117.0966667,312.3333333,312.6666667,D4,62,0.333333333,78,0.333333333
609,117.0966667,117.22,312.6666667,313.0,D4,62,0.333333333,78,0.666666667
610,117.22,117.42,313.0,313.3333333,G5,79,0.333333333,78,1.0
611,117.2,117.65,313.0,314.0,Bb4,70,1.0,78,1.0
612,117.365,117.42,313.3333333,313.6666667,A5,81,0.333333333,78,1.333333333
613,117.42,117.559,313.6666667,314.0,G5,79,0.333333333,78,1.666666667
615,117.559,117.8,314.0,314.3333333,A4,69,0.333333333,78,2.0
616,117.591,117.809,314.3333333,314.6666667,D4,62,0.333333333,78,2.333333333
617,117.809,117.941,314.6666667,315.0,D5,74,0.333333333,78,2.666666667
618,117.875,117.941,315.0,315.3333333,C6,84,0.333333333,78,3.0
619,117.941,118.091,315.0,316.0,Eb5,75,1.0,78,3.0
620,118.1,118.33,315.3333333,315.6666667,D6,86,0.333333333,78,3.333333333
621,118.146,118.192,315.6666667,316.0,C6,84,0.333333333,78,3.666666667
623,118.33,118.709,316.0,316.3333333,D5,74,0.333333333,79,0.0
624,118.45,118.62,316.3333333,316.6666667,D4,62,0.333333333,79,0.333333333
625,118.56,118.67,316.6666667,317.0,D4,62,0.333333333,79,0.666666667
626,118.67,118.82,317.0,317.3333333,Bb5,82,0.333333333,79,1.0
627,118.709,119.009,317.0,318.0,D5,74,1.0,79,1.0
628,118.82,118.991,317.3333333,317.6666667,C6,84,0.333333333,79,1.333333333
629,118.8578,118.8956,317.6666667,318.0,Bb5,82,0.333333333,79,1.666666667
631,119.009,119.58,318.0,318.3333333,D5,74,0.333333333,79,2.0
632,119.07,119.12,318.3333333,318.6666667,A4,69,0.333333333,79,2.333333333
633,119.12,119.459,318.6666667,319.0,D4,62,0.333333333,79,2.666666667
634,119.491,119.659,319.0,319.3333333,Ab5,80,0.333333333,79,3.0
635,119.459,119.809,319.0,320.0,Bb4,70,1.0,79,3.0
636,119.609,119.75,319.3333333,319.6666667,Bb5,82,0.333333333,79,3.333333333
637,119.75,119.87,319.6666667,320.0,A4,69,0.333333333,79,3.666666667
639,119.87,120.43,320.0,320.3333333,Eb4,63,0.333333333,80,0.0
640,120.0033333,120.1366667,320.3333333,320.6666667,Eb4,63,0.333333333,80,0.333333333
641,120.1366667,120.27,320.6666667,321.0,Eb4,63,0.333333333,80,0.666666667
642,120.27,120.82,321.0,321.3333333,G5,79,0.333333333,80,1.0
643,120.25,120.409,321.0,322.0,Bb4,70,1.0,80,1.0
644,120.409,120.659,321.3333333,321.6666667,Bb4,70,0.333333333,80,1.333333333
645,120.459,120.509,321.6666667,322.0,G5,79,0.333333333,80,1.666666667
647,120.659,121.409,322.0,322.3333333,D4,62,0.333333333,80,2.0
648,120.7923333,120.9256667,322.3333333,322.6666667,D4,62,0.333333333,80,2.333333333
649,120.9256667,121.059,322.6666667,323.0,D4,62,0.333333333,80,2.666666667
650,121.059,121.259,323.0,323.3333333,Ab5,80,0.333333333,80,3.0
651,121.03,121.37,323.0,324.0,Bb4,70,1.0,80,3.0
652,121.15,121.33,323.3333333,323.6666667,Bb5,82,0.333333333,80,3.333333333
653,121.33,121.43,323.6666667,324.0,A4,69,0.333333333,80,3.666666667
655,121.43,121.82,324.0,324.3333333,Eb4,63,0.333333333,81,0.0
656,121.5633333,121.6966667,324.3333333,324.6666667,Eb4,63,0.333333333,81,0.333333333
657,121.6966667,121.83,324.6666667,325.0,Eb4,63,0.333333333,81,0.666666667
658,121.83,122.22,325.0,325.3333333,G5,79,0.333333333,81,1.0
659,121.77,122.22,325.0,326.0,Bb4,70,1.0,81,1.0
660,121.934625,121.9895,325.3333333,325.6666667,Ab5,80,0.333333333,81,1.333333333
661,121.9895,122.044375,325.6666667,326.0,G5,79,0.333333333,81,1.666666667
663,122.209,122.47,326.0,326.3333333,D4,62,0.333333333,81,2.0
664,122.3395,122.47,326.3333333,326.6666667,D4,62,0.333333333,81,2.333333333
665,122.47,122.591,326.6666667,327.0,D4,62,0.333333333,81,2.666666667
666,122.63,122.77,327.0,327.3333333,Ab5,80,0.333333333,81,3.0
667,122.591,122.92,327.0,328.0,Bb4,70,1.0,81,3.0
668,122.73,122.88,327.3333333,327.6666667,Bb5,82,0.333333333,81,3.333333333
669,122.88,122.98,327.6666667,328.0,A4,69,0.333333333,81,3.666666667
671,122.98,123.37,328.0,328.3333333,Eb4,63,0.333333333,82,0.0
672,123.11,123.24,328.3333333,328.6666667,Eb4,63,0.333333333,82,0.333333333
673,123.24,123.37,328.6666667,329.0,Eb4,63,0.333333333,82,0.666666667
674,123.37,123.659,329.0,329.3333333,G5,79,0.333333333,82,1.0
675,123.35,123.75,329.0,330.0,Bb4,70,1.0,82,1.0
676,123.4925,123.54,329.3333333,329.6666667,Ab5,80,0.333333333,82,1.333333333
677,123.54,123.5875,329.6666667,330.0,G5,79,0.333333333,82,1.666666667
679,123.73,124.08,330.0,330.3333333,Eb4,63,0.333333333,82,2.0
680,123.8633333,123.9966667,330.3333333,330.6666667,Eb4,63,0.333333333,82,2.333333333
681,123.9966667,124.13,330.6666667,331.0,Eb4,63,0.333333333,82,2.666666667
682,124.13,124.309,331.0,331.3333333,G5,79,0.333333333,82,3.0
683,124.1,124.35,331.0,332.0,Bb4,70,1.0,82,3.0
684,124.35,124.459,331.3333333,331.6666667,Bb4,70,0.333333333,82,3.333333333
685,124.3818,124.4136,331.6666667,332.0,G5,79,0.333333333,82,3.666666667
687,124.509,124.73,332.0,332.3333333,G4,67,0.333333333,83,0.0
688,124.6195,124.73,332.3333333,332.6666667,G4,67,0.333333333,83,0.333333333
689,124.73,124.83,332.6666667,333.0,G4,67,0.333333333,83,0.666666667
690,124.891,125.03,333.0,333.3333333,Bb5,82,0.333333333,83,1.0
691,124.85,125.22,333.0,334.0,Eb5,75,1.0,83,1.0
692,124.991,125.1,333.3333333,333.6666667,C6,84,0.333333333,83,1.333333333
693,125.23,125.391,333.6666667,334.0,Bb4,70,0.333333333,83,1.666666667
695,125.391,125.591,334.0,334.3333333,Bb4,70,0.333333333,83,2.0
696,125.62,125.659,334.3333333,334.6666667,G5,79,0.333333333,83,2.333333333
697,125.82,125.991,334.6666667,335.0,F6,89,0.333333333,83,2.666666667
698,125.991,126.15,335.0,335.3333333,Eb6,87,0.333333333,83,3.0
699,126.0205,126.109,335.0,336.0,G5,79,1.0,83,3.0
700,126.109,126.259,335.3333333,335.6666667,G5,79,0.333333333,83,3.333333333
701,126.309,126.63,335.6666667,336.0,F4,65,0.333333333,83,3.666666667
702,126.63,126.78,336.0,336.5,F4,65,0.5,84,0.0
703,126.82,127.03,336.5,337.0,Bb4,70,0.5,84,0.5
704,127.03,127.23,337.0,337.5,D5,74,0.5,84,1.0
705,127.23,127.42,337.5,338.0,E5,76,0.5,84,1.5
706,127.459,127.659,338.0,338.5,F5,77,0.5,84,2.0
707,127.68,127.85899999999998,338.5,339.0,Bb5,82,0.5,84,2.5
708,127.85899999999998,128.17,339.0,339.5,D6,86,0.5,84,3.0
709,128.17,128.4,339.5,340.0,E6,88,0.5,84,3.5
710,128.4,128.65,340.0,340.5,F6,89,0.5,85,0.0
711,128.65,128.85899999999998,340.5,341.0,D6,86,0.5,85,0.5
712,128.85899999999998,129.059,341.0,341.5,Bb5,82,0.5,85,1.0
713,129.059,129.25,341.5,342.0,F5,77,0.5,85,1.5
714,129.29999999999998,129.491,342.0,342.5,D5,74,0.5,85,2.0
715,129.491,129.65,342.5,343.0,Bb4,70,0.5,85,2.5
716,129.7,130.0,343.0,343.5,G4,67,0.5,85,3.0
717,130.0,130.32,343.5,344.0,F4,65,0.5,85,3.5
718,130.32,130.57,344.0,344.5,E4,64,0.5,86,0.0
719,130.57,130.78,344.5,345.0,G4,67,0.5,86,0.5
720,130.79999999999998,131.01999999999998,345.0,345.5,Bb4,70,0.5,86,1.0
721,131.041,131.23,345.5,346.0,C#5,73,0.5,86,1.5
722,131.23,131.441,346.0,346.5,E5,76,0.5,86,2.0
723,131.441,131.65,346.5,347.0,G5,79,0.5,86,2.5
724,131.65,131.909,347.0,347.5,Bb5,82,0.5,86,3.0
725,131.909,132.141,347.5,348.0,C#6,85,0.5,86,3.5
726,132.141,132.22,348.0,348.5,E6,88,0.5,87,0.0
727,132.391,132.6,348.5,349.0,C#6,85,0.5,87,0.5
728,132.6,132.78,349.0,349.5,Bb5,82,0.5,87,1.0
729,132.78,132.991,349.5,350.0,G5,79,0.5,87,1.5
730,132.991,133.209,350.0,350.5,E5,76,0.5,87,2.0
731,133.23,133.42,350.5,351.0,C#5,73,0.5,87,2.5
732,133.441,133.659,351.0,351.5,Bb4,70,0.5,87,3.0
733,133.72,134.0,351.5,352.0,G4,67,0.5,87,3.5
734,134.0,134.291,352.0,352.5,F4,65,0.5,88,0.0
735,134.309,134.491,352.5,353.0,A4,69,0.5,88,0.5
736,134.5,134.63,353.0,353.5,C5,72,0.5,88,1.0
737,134.7,134.85899999999998,353.5,354.0,Eb5,75,0.5,88,1.5
738,134.9,135.1,354.0,354.5,F5,77,0.5,88,2.0
739,135.141,135.32,354.5,355.0,A5,81,0.5,88,2.5
740,135.32,135.60899999999998,355.0,355.5,C6,84,0.5,88,3.0
741,135.60899999999998,135.85,355.5,356.0,Eb6,87,0.5,88,3.5
742,135.85,136.059,356.0,356.5,C6,84,0.5,89,0.0
743,136.091,136.28,356.5,357.0,A5,81,0.5,89,0.5
744,136.28,136.459,357.0,357.5,F5,77,0.5,89,1.0
745,136.5,136.691,357.5,358.0,Eb5,75,0.5,89,1.5
746,136.709,136.93,358.0,358.5,C5,72,0.5,89,2.0
747,136.93,137.13,358.5,359.0,A4,69,0.5,89,2.5
748,137.13,137.409,359.0,359.5,F4,65,0.5,89,3.0
749,137.409,137.67,359.5,360.0,Eb4,63,0.5,89,3.5
750,137.67,137.991,360.0,360.5,D4,62,0.5,90,0.0
751,137.991,138.22,360.5,361.0,F#4,66,0.5,90,0.5
752,138.291,138.43,361.0,361.5,A4,69,0.5,90,1.0
753,138.43,138.63,361.5,362.0,C5,72,0.5,90,1.5
754,138.63,138.85899999999998,362.0,362.5,D5,74,0.5,90,2.0
755,138.85899999999998,139.04999999999998,362.5,363.0,F#5,78,0.5,90,2.5
756,139.1,139.37,363.0,363.5,A5,81,0.5,90,3.0
757,139.37,139.641,363.5,364.0,Eb6,87,0.5,90,3.5
758,139.641,139.88,364.0,364.5,D6,86,0.5,91,0.0
759,139.88,140.07999999999998,364.5,365.0,C6,84,0.5,91,0.5
760,140.07999999999998,140.29999999999998,365.0,365.5,A5,81,0.5,91,1.0
761,140.29999999999998,140.53,365.5,366.0,F#5,78,0.5,91,1.5
762,140.53,140.759,366.0,366.5,D5,74,0.5,91,2.0
763,140.759,140.941,366.5,367.0,C5,72,0.5,91,2.5
764,140.97,141.241,367.0,367.5,A4,69,0.5,91,3.0
765,141.241,141.541,367.5,368.0,F#4,66,0.5,91,3.5
766,141.63,141.909,368.0,368.5,D4,62,0.5,92,0.0
767,141.909,142.091,368.5,369.0,F#4,66,0.5,92,0.5
768,142.091,142.35899999999998,369.0,369.5,G4,67,0.5,92,1.0
769,142.35899999999998,142.559,369.5,370.0,A4,69,0.5,92,1.5
770,142.559,142.759,370.0,370.5,Bb4,70,0.5,92,2.0
771,142.759,142.95,370.5,371.0,A4,69,0.5,92,2.5
772,142.95,143.15,371.0,371.5,G4,67,0.5,92,3.0
773,143.15,143.341,371.5,372.0,Bb4,70,0.5,92,3.5
774,143.391,143.65,372.0,372.5,D5,74,0.5,93,0.0
775,143.65,143.841,372.5,373.0,F#4,66,0.5,93,0.5
776,143.841,144.28,373.0,373.5,G4,67,0.5,93,1.0
777,144.0605,144.28,373.5,374.0,B4,71,0.5,93,1.5
778,144.28,144.441,374.0,374.5,D5,74,0.5,93,2.0
779,144.441,144.63,374.5,375.0,C5,72,0.5,93,2.5
780,144.63,144.76999999999998,375.0,375.5,B4,71,0.5,93,3.0
781,144.82999999999998,145.13,375.5,376.0,D5,74,0.5,93,3.5
782,145.13,145.5,376.0,376.5,G5,79,0.5,94,0.0
783,145.5,145.60899999999998,376.5,377.0,G5,79,0.5,94,0.5
784,145.63,145.82,377.0,377.5,C5,72,0.5,94,1.0
785,145.82,146.2,377.5,378.0,C5,72,0.5,94,1.5
786,146.2,146.37,378.0,378.5,D5,74,0.5,94,2.0
787,146.37,146.75,378.5,379.0,Eb5,75,0.5,94,2.5
788,146.56,146.75,379.0,379.5,D5,74,0.5,94,3.0
789,146.75,147.009,379.5,380.0,Eb5,75,0.5,94,3.5
790,147.009,147.159,380.0,380.5,F#5,78,0.5,95,0.0
791,147.191,147.54999999999998,380.5,381.0,G5,79,0.5,95,0.5
792,147.54999999999998,147.67,381.0,381.5,G5,79,0.5,95,1.0
793,147.67,147.76999999999998,381.5,382.0,G#5,80,0.5,95,1.5
794,147.791,148.04999999999998,382.0,382.5,A#5,82,0.5,95,2.0
795,148.04999999999998,148.209,382.5,383.0,B5,83,0.5,95,2.5
796,148.209,148.35899999999998,383.0,383.5,A#5,82,0.5,95,3.0
797,148.37,148.51999999999998,383.5,384.0,B5,83,0.5,95,3.5
798,148.65,148.78,384.0,384.5,D#6,87,0.5,96,0.0
799,148.82999999999998,149.009,384.5,385.0,E6,88,0.5,96,0.5
800,149.009,149.191,385.0,385.5,E6,88,0.5,96,1.0
801,149.191,149.43,385.5,386.0,E6,88,0.5,96,1.5
802,149.57,149.991,386.0,392.0,G6,91,6.0,96,2.0
803,149.991,150.35,392.0,394.0,G6,91,2.0,98,0.0
804,152.541,153.07999999999998,394.0,397.0,B6,95,3.0,98,2.0
805,154.63,155.45,397.0,398.0,G6,91,1.0,99,0.0
806,155.6,156.341,398.0,399.0,D6,86,1.0,99,1.0
807,156.37,156.37,399.0,400.0,B5,83,1.0,99,2.0
808,157.041,157.659,400.0,401.0,G5,79,1.0,100,0.0
809,157.709,158.209,401.0,402.0,D5,74,1.0,100,1.0
810,158.209,158.709,402.0,403.0,B4,71,1.0,100,2.0
811,158.741,159.309,403.0,404.0,G4,67,1.0,100,3.0
812,159.309,159.991,404.0,405.0,F#4,66,1.0,101,0.0
813,160.009,160.57,405.0,406.0,D4,62,1.0,101,1.0
814,160.57,161.291,406.0,407.0,C4,60,1.0,101,2.0
815,162.0,163.72,407.0,408.0,G4,67,1.0,101,3.0
816,163.72,170.6,408.0,412.0,G3,55,4.0,102,0.0
