Onset,Offset,MIDI number,Pitch name,Duration,Staff,Measure,Beat in Measure
2.0,3.5,83,B5,1.5,0,0,2.0
3.5,4.0,83,B5,0.5,0,0,3.5
4.0,6.0,83,B5,2.0,0,1,0.0
6.0,7.0,79,G5,1.0,0,1,2.0
7.0,8.0,88,E6,1.0,0,1,3.0
8.0,10.0,88,E6,2.0,0,2,0.0
10.0,11.0,83,B5,1.0,0,2,2.0
11.0,12.0,91,G6,1.0,0,2,3.0
12.0,13.0,90,F#6,1.0,0,3,0.0
13.0,14.0,88,E6,1.0,0,3,1.0
14.0,15.0,84,C6,1.0,0,3,2.0
15.0,16.0,88,E6,1.0,0,3,3.0
16.0,19.0,83,B5,3.0,0,4,0.0
19.0,20.0,83,B5,1.0,0,4,3.0
20.0,21.0,84,C6,1.0,0,5,0.0
21.0,21.5,83,B5,0.5,0,5,1.0
21.5,22.0,81,A5,0.5,0,5,1.5
22.0,23.0,81,A5,1.0,0,5,2.0
23.0,24.0,81,A5,1.0,0,5,3.0
24.0,27.0,88,E6,3.0,0,6,0.0
27.0,28.0,83,B5,1.0,0,6,3.0
28.0,29.0,84,C6,1.0,0,7,0.0
29.0,29.5,83,B5,0.5,0,7,1.0
29.5,30.0,81,A5,0.5,0,7,1.5
30.0,31.0,81,A5,1.0,0,7,2.0
31.0,32.0,81,A5,1.0,0,7,3.0
32.0,34.0,87,D#6,2.0,0,8,0.0
34.0,35.5,83,B5,1.5,0,8,2.0
35.5,36.0,83,B5,0.5,0,8,3.5
36.0,38.0,83,B5,2.0,0,9,0.0
38.0,39.0,79,G5,1.0,0,9,2.0
39.0,40.0,88,E6,1.0,0,9,3.0
40.0,42.0,88,E6,2.0,0,10,0.0
42.0,43.0,83,B5,1.0,0,10,2.0
43.0,44.0,91,G6,1.0,0,10,3.0
44.0,45.0,90,F#6,1.0,0,11,0.0
45.0,46.0,88,E6,1.0,0,11,1.0
46.0,47.0,84,C6,1.0,0,11,2.0
47.0,48.0,88,E6,1.0,0,11,3.0
48.0,51.0,83,B5,3.0,0,12,0.0
51.0,51.5,79,G5,0.5,0,12,3.0
51.5,52.0,81,A5,0.5,0,12,3.5
52.0,53.0,83,B5,1.0,0,13,0.0
53.0,53.5,83,B5,0.5,0,13,1.0
53.5,54.0,83,B5,0.5,0,13,1.5
54.0,54.5,86,D6,0.5,0,13,2.0
54.5,55.0,84,C6,0.5,0,13,2.5
55.0,55.5,84,C6,0.5,0,13,3.0
55.5,56.0,83,B5,0.5,0,13,3.5
56.0,56.5,88,E6,0.5,0,14,0.0
56.5,57.0,84,C6,0.5,0,14,0.5
57.0,57.5,83,B5,0.5,0,14,1.0
57.5,58.0,81,A5,0.5,0,14,1.5
58.0,59.0,81,A5,1.0,0,14,2.0
59.0,60.0,81,A5,1.0,0,14,3.0
60.0,61.0,78,F#5,1.0,0,15,0.0
61.0,62.0,79,G5,1.0,0,15,1.0
62.0,63.0,81,A5,1.0,0,15,2.0
63.0,64.0,83,B5,1.0,0,15,3.0
64.0,66.0,83,B5,2.0,0,16,0.0
66.0,67.0,79,G5,1.0,0,16,2.0
67.0,67.5,79,G5,0.5,0,16,3.0
67.5,68.0,81,A5,0.5,0,16,3.5
68.0,69.0,83,B5,1.0,0,17,0.0
69.0,69.5,83,B5,0.5,0,17,1.0
69.5,70.0,83,B5,0.5,0,17,1.5
70.0,70.5,86,D6,0.5,0,17,2.0
70.5,71.0,84,C6,0.5,0,17,2.5
71.0,71.5,84,C6,0.5,0,17,3.0
71.5,72.0,83,B5,0.5,0,17,3.5
72.0,72.5,88,E6,0.5,0,18,0.0
72.5,73.0,84,C6,0.5,0,18,0.5
73.0,73.5,83,B5,0.5,0,18,1.0
73.5,74.0,81,A5,0.5,0,18,1.5
74.0,75.0,81,A5,1.0,0,18,2.0
75.0,76.0,81,A5,1.0,0,18,3.0
76.0,77.0,80,G#5,1.0,0,19,0.0
77.0,78.0,83,B5,1.0,0,19,1.0
78.0,79.0,88,E6,1.0,0,19,2.0
79.0,80.0,88,E6,1.0,0,19,3.0
80.0,82.0,88,E6,2.0,0,20,0.0
82.0,83.0,81,A5,1.0,0,20,2.0
83.0,84.0,81,A5,1.0,0,20,3.0
84.0,85.0,84,C6,1.0,0,21,0.0
85.0,86.0,88,E6,1.0,0,21,1.0
86.0,87.0,93,A6,1.0,0,21,2.0
87.0,88.0,93,A6,1.0,0,21,3.0
88.0,90.0,93,A6,2.0,0,22,0.0
90.0,91.5,83,B5,1.5,0,22,2.0
91.5,92.0,83,B5,0.5,0,22,3.5
92.0,94.333,83,B5,2.333,0,23,0.0
94.333,94.667,78,F#5,0.333,0,23,2.333
94.667,95.0,79,G5,0.333,0,23,2.667
95.0,95.333,81,A5,0.333,0,23,3.0
95.333,95.667,79,G5,0.333,0,23,3.333
95.667,96.0,78,F#5,0.333,0,23,3.667
96.0,96.333,79,G5,0.333,0,24,0.0
96.333,96.667,75,D#5,0.333,0,24,0.333
96.667,97.0,76,E5,0.333,0,24,0.667
97.0,97.333,78,F#5,0.333,0,24,1.0
97.333,97.667,76,E5,0.333,0,24,1.333
97.667,98.0,75,D#5,0.333,0,24,1.667
98.0,98.333,76,E5,0.333,0,24,2.0
98.333,98.667,70,A#4,0.333,0,24,2.333
98.667,99.0,71,B4,0.333,0,24,2.667
99.0,99.333,72,C5,0.333,0,24,3.0
99.333,99.667,71,B4,0.333,0,24,3.333
99.667,100.0,70,A#4,0.333,0,24,3.667
100.0,100.333,71,B4,0.333,0,25,0.0
100.333,100.667,66,F#4,0.333,0,25,0.333
100.667,101.0,67,G4,0.333,0,25,0.667
101.0,101.333,69,A4,0.333,0,25,1.0
101.333,101.667,67,G4,0.333,0,25,1.333
101.667,102.0,66,F#4,0.333,0,25,1.667
102.0,102.5,67,G4,0.5,0,25,2.0
102.5,103.0,64,E4,0.5,0,25,2.5
103.0,103.5,67,G4,0.5,0,25,3.0
103.5,104.0,71,B4,0.5,0,25,3.5
104.0,104.5,76,E5,0.5,0,26,0.0
104.5,105.0,76,E5,0.5,0,26,0.5
105.0,105.5,79,G5,0.5,0,26,1.0
105.5,106.0,83,B5,0.5,0,26,1.5
106.0,107.5,88,E6,1.5,0,26,2.0
107.5,108.0,88,E6,0.5,0,26,3.5
108.0,110.333,88,E6,2.333,0,27,0.0
110.333,110.667,83,B5,0.333,0,27,2.333
110.667,111.0,84,C6,0.333,0,27,2.667
111.0,111.333,86,D6,0.333,0,27,3.0
111.333,111.667,84,C6,0.333,0,27,3.333
111.667,112.0,83,B5,0.333,0,27,3.667
112.0,112.333,84,C6,0.333,0,28,0.0
112.333,112.667,80,G#5,0.333,0,28,0.333
112.667,113.0,81,A5,0.333,0,28,0.667
113.0,113.333,83,B5,0.333,0,28,1.0
113.333,113.667,81,A5,0.333,0,28,1.333
113.667,114.0,80,G#5,0.333,0,28,1.667
114.0,114.333,81,A5,0.333,0,28,2.0
114.333,114.667,75,D#5,0.333,0,28,2.333
114.667,115.0,76,E5,0.333,0,28,2.667
115.0,115.333,77,F5,0.333,0,28,3.0
115.333,115.667,76,E5,0.333,0,28,3.333
115.667,116.0,75,D#5,0.333,0,28,3.667
116.0,116.333,76,E5,0.333,0,29,0.0
116.333,116.667,71,B4,0.333,0,29,0.333
116.667,117.0,72,C5,0.333,0,29,0.667
117.0,117.333,74,D5,0.333,0,29,1.0
117.333,117.667,72,C5,0.333,0,29,1.333
117.667,118.0,71,B4,0.333,0,29,1.667
118.0,118.5,72,C5,0.5,0,29,2.0
118.5,119.0,69,A4,0.5,0,29,2.5
119.0,119.5,72,C5,0.5,0,29,3.0
119.5,120.0,76,E5,0.5,0,29,3.5
120.0,120.5,81,A5,0.5,0,30,0.0
120.5,121.0,81,A5,0.5,0,30,0.5
121.0,121.5,84,C6,0.5,0,30,1.0
121.5,122.0,88,E6,0.5,0,30,1.5
122.0,123.5,93,A6,1.5,0,30,2.0
123.5,124.0,93,A6,0.5,0,30,3.5
124.0,125.0,93,A6,1.0,0,31,0.0
125.0,125.333,84,C6,0.333,0,31,1.0
125.333,125.667,83,B5,0.333,0,31,1.333
125.667,126.0,81,A5,0.333,0,31,1.667
126.0,126.333,79,G5,0.333,0,31,2.0
126.333,126.667,76,E5,0.333,0,31,2.333
126.667,127.0,78,F#5,0.333,0,31,2.667
127.0,127.333,79,G5,0.333,0,31,3.0
127.333,127.667,78,F#5,0.333,0,31,3.333
127.667,128.0,76,E5,0.333,0,31,3.667
128.0,128.333,72,C5,0.333,0,32,0.0
128.333,128.667,69,A4,0.333,0,32,0.333
128.667,129.0,71,B4,0.333,0,32,0.667
129.0,129.333,72,C5,0.333,0,32,1.0
129.333,129.667,71,B4,0.333,0,32,1.333
129.667,130.0,69,A4,0.333,0,32,1.667
130.0,131.0,67,G4,1.0,0,32,2.0
131.0,131.333,79,G5,0.333,0,32,3.0
131.333,131.667,78,F#5,0.333,0,32,3.333
131.667,132.0,76,E5,0.333,0,32,3.667
132.0,132.333,72,C5,0.333,0,33,0.0
132.333,132.667,69,A4,0.333,0,33,0.333
132.667,133.0,71,B4,0.333,0,33,0.667
133.0,133.333,72,C5,0.333,0,33,1.0
133.333,133.667,71,B4,0.333,0,33,1.333
133.667,134.0,69,A4,0.333,0,33,1.667
134.0,134.333,67,G4,0.333,0,33,2.0
134.333,134.667,64,E4,0.333,0,33,2.333
134.667,135.0,66,F#4,0.333,0,33,2.667
135.0,135.333,67,G4,0.333,0,33,3.0
135.333,135.667,66,F#4,0.333,0,33,3.333
135.667,136.0,64,E4,0.333,0,33,3.667
136.0,136.333,60,C4,0.333,0,34,0.0
136.333,136.667,57,A3,0.333,0,34,0.333
136.667,137.0,59,B3,0.333,0,34,0.667
137.0,137.333,60,C4,0.333,0,34,1.0
137.333,137.667,59,B3,0.333,0,34,1.333
137.667,138.0,57,A3,0.333,0,34,1.667
138.0,139.0,55,G3,1.0,0,34,2.0
139.0,139.333,62,D4,0.333,0,34,3.0
139.333,139.667,60,C4,0.333,0,34,3.333
139.667,140.0,59,B3,0.333,0,34,3.667
140.0,140.333,60,C4,0.333,0,35,0.0
140.333,140.667,59,B3,0.333,0,35,0.333
140.667,141.0,57,A3,0.333,0,35,0.667
141.0,141.333,64,E4,0.333,0,35,1.0
141.333,141.667,62,D4,0.333,0,35,1.333
141.667,142.0,60,C4,0.333,0,35,1.667
142.0,142.333,62,D4,0.333,0,35,2.0
142.333,142.667,60,C4,0.333,0,35,2.333
142.667,143.0,59,B3,0.333,0,35,2.667
143.0,143.333,65,F4,0.333,0,35,3.0
143.333,143.667,64,E4,0.333,0,35,3.333
143.667,144.0,62,D4,0.333,0,35,3.667
144.0,144.333,64,E4,0.333,0,36,0.0
144.333,144.667,62,D4,0.333,0,36,0.333
144.667,145.0,60,C4,0.333,0,36,0.667
145.0,145.333,67,G4,0.333,0,36,1.0
145.333,145.667,66,F#4,0.333,0,36,1.333
145.667,146.0,64,E4,0.333,0,36,1.667
146.0,146.333,66,F#4,0.333,0,36,2.0
146.333,146.667,64,E4,0.333,0,36,2.333
146.667,147.0,63,D#4,0.333,0,36,2.667
147.0,147.333,69,A4,0.333,0,36,3.0
147.333,147.667,67,G4,0.333,0,36,3.333
147.667,148.0,66,F#4,0.333,0,36,3.667
148.0,148.333,67,G4,0.333,0,37,0.0
148.333,148.667,66,F#4,0.333,0,37,0.333
148.667,149.0,64,E4,0.333,0,37,0.667
149.0,149.333,67,G4,0.333,0,37,1.0
149.333,149.667,66,F#4,0.333,0,37,1.333
149.667,150.0,64,E4,0.333,0,37,1.667
150.0,150.333,79,G5,0.333,0,37,2.0
150.333,150.667,78,F#5,0.333,0,37,2.333
150.667,151.0,76,E5,0.333,0,37,2.667
151.0,151.333,79,G5,0.333,0,37,3.0
151.333,151.667,78,F#5,0.333,0,37,3.333
151.667,152.0,76,E5,0.333,0,37,3.667
152.0,155.0,91,G6,3.0,0,38,0.0
155.0,156.0,67,G4,1.0,0,38,3.0
155.0,156.0,55,G3,1.0,0,38,3.0
156.0,157.0,58,A#3,1.0,0,39,0.0
156.0,157.0,70,A#4,1.0,0,39,0.0
157.0,158.0,61,C#4,1.0,0,39,1.0
157.0,158.0,73,C#5,1.0,0,39,1.0
158.0,159.0,64,E4,1.0,0,39,2.0
158.0,159.0,76,E5,1.0,0,39,2.0
159.0,160.0,67,G4,1.0,0,39,3.0
159.0,160.0,79,G5,1.0,0,39,3.0
160.0,161.0,70,A#4,1.0,0,40,0.0
160.0,161.0,82,A#5,1.0,0,40,0.0
161.0,162.0,85,C#6,1.0,0,40,1.0
161.0,162.0,73,C#5,1.0,0,40,1.0
162.0,163.0,76,E5,1.0,0,40,2.0
162.0,163.0,88,E6,1.0,0,40,2.0
163.0,164.0,79,G5,1.0,0,40,3.0
163.0,164.0,91,G6,1.0,0,40,3.0
164.0,166.0,95,B6,2.0,0,41,0.0
166.0,168.0,59,B3,2.0,0,41,2.0
168.0,171.0,58,A#3,3.0,0,42,0.0
171.0,171.333,67,G4,0.333,0,42,3.0
171.333,171.667,55,G3,0.333,0,42,3.333
171.667,172.0,67,G4,0.333,0,42,3.667
172.0,172.333,70,A#4,0.333,0,43,0.0
172.333,172.667,58,A#3,0.333,0,43,0.333
172.667,173.0,70,A#4,0.333,0,43,0.667
173.0,173.333,73,C#5,0.333,0,43,1.0
173.333,173.667,61,C#4,0.333,0,43,1.333
173.667,174.0,73,C#5,0.333,0,43,1.667
174.0,174.333,76,E5,0.333,0,43,2.0
174.333,174.667,64,E4,0.333,0,43,2.333
174.667,175.0,76,E5,0.333,0,43,2.667
175.0,175.333,79,G5,0.333,0,43,3.0
175.333,175.667,67,G4,0.333,0,43,3.333
175.667,176.0,79,G5,0.333,0,43,3.667
176.0,176.333,82,A#5,0.333,0,44,0.0
176.333,176.667,70,A#4,0.333,0,44,0.333
176.667,177.0,82,A#5,0.333,0,44,0.667
177.0,177.333,85,C#6,0.333,0,44,1.0
177.333,177.667,73,C#5,0.333,0,44,1.333
177.667,178.0,85,C#6,0.333,0,44,1.667
178.0,178.333,88,E6,0.333,0,44,2.0
178.333,178.667,76,E5,0.333,0,44,2.333
178.667,179.0,88,E6,0.333,0,44,2.667
179.0,179.333,91,G6,0.333,0,44,3.0
179.333,179.667,79,G5,0.333,0,44,3.333
179.667,180.0,91,G6,0.333,0,44,3.667
180.0,183.0,95,B6,3.0,0,45,0.0
190.0,191.0,83,B5,1.0,0,47,2.0
191.0,192.0,91,G6,1.0,0,47,3.0
192.0,193.0,87,D#6,1.0,0,48,0.0
193.0,194.0,88,E6,1.0,0,48,1.0
194.0,195.0,82,A#5,1.0,0,48,2.0
195.0,196.0,83,B5,1.0,0,48,3.0
196.0,197.0,78,F#5,1.0,0,49,0.0
197.0,198.0,79,G5,1.0,0,49,1.0
198.0,199.0,81,A5,1.0,0,49,2.0
199.0,200.0,88,E6,1.0,0,49,3.0
200.0,201.0,88,E6,1.0,0,50,0.0
201.0,201.5,86,D6,0.5,0,50,1.0
201.5,202.0,84,C6,0.5,0,50,1.5
202.0,203.0,81,A5,1.0,0,50,2.0
203.0,204.0,86,D6,1.0,0,50,3.0
204.0,205.0,84,C6,1.0,0,51,0.0
205.0,206.0,83,B5,1.0,0,51,1.0
206.0,207.0,71,B4,1.0,0,51,2.0
207.0,208.0,83,B5,1.0,0,51,3.0
208.0,209.0,78,F#5,1.0,0,52,0.0
209.0,210.0,79,G5,1.0,0,52,1.0
210.0,211.0,75,D#5,1.0,0,52,2.0
211.0,212.0,76,E5,1.0,0,52,3.0
212.0,213.0,70,A#4,1.0,0,53,0.0
213.0,214.0,71,B4,1.0,0,53,1.0
214.0,215.0,71,B4,1.0,0,53,2.0
215.0,216.0,83,B5,1.0,0,53,3.0
216.0,217.0,78,F#5,1.0,0,54,0.0
217.0,218.0,79,G5,1.0,0,54,1.0
218.0,219.0,75,D#5,1.0,0,54,2.0
219.0,220.0,76,E5,1.0,0,54,3.0
220.0,221.0,70,A#4,1.0,0,55,0.0
221.0,222.0,71,B4,1.0,0,55,1.0
222.0,223.0,74,D5,1.0,0,55,2.0
223.0,224.0,83,B5,1.0,0,55,3.0
224.0,226.5,83,B5,2.5,0,56,0.0
226.5,227.0,81,A5,0.5,0,56,2.5
227.0,227.5,79,G5,0.5,0,56,3.0
227.5,228.0,76,E5,0.5,0,56,3.5
228.0,228.5,73,C#5,0.5,0,57,0.0
228.5,229.0,71,B4,0.5,0,57,0.5
229.0,229.5,69,A4,0.5,0,57,1.0
229.5,230.0,67,G4,0.5,0,57,1.5
230.0,230.5,64,E4,0.5,0,57,2.0
230.5,231.0,61,C#4,0.5,0,57,2.5
231.0,231.5,59,B3,0.5,0,57,3.0
231.5,232.0,57,A3,0.5,0,57,3.5
232.0,232.5,61,C#4,0.5,0,58,0.0
232.5,233.0,64,E4,0.5,0,58,0.5
233.0,233.5,69,A4,0.5,0,58,1.0
233.5,234.0,73,C#5,0.5,0,58,1.5
234.0,234.5,76,E5,0.5,0,58,2.0
234.5,235.0,81,A5,0.5,0,58,2.5
235.0,235.5,85,C#6,0.5,0,58,3.0
235.5,236.0,88,E6,0.5,0,58,3.5
236.0,238.5,88,E6,2.5,0,59,0.0
238.5,239.0,86,D6,0.5,0,59,2.5
239.0,239.5,84,C6,0.5,0,59,3.0
239.5,240.0,81,A5,0.5,0,59,3.5
240.0,240.5,78,F#5,0.5,0,60,0.0
240.5,241.0,76,E5,0.5,0,60,0.5
241.0,241.5,74,D5,0.5,0,60,1.0
241.5,242.0,72,C5,0.5,0,60,1.5
242.0,242.5,69,A4,0.5,0,60,2.0
242.5,243.0,66,F#4,0.5,0,60,2.5
243.0,243.5,64,E4,0.5,0,60,3.0
243.5,244.0,62,D4,0.5,0,60,3.5
244.0,244.5,66,F#4,0.5,0,61,0.0
244.5,245.0,69,A4,0.5,0,61,0.5
245.0,245.5,74,D5,0.5,0,61,1.0
245.5,246.0,78,F#5,0.5,0,61,1.5
246.0,246.5,81,A5,0.5,0,61,2.0
246.5,247.0,86,D6,0.5,0,61,2.5
247.0,247.5,90,F#6,0.5,0,61,3.0
247.5,248.0,93,A6,0.5,0,61,3.5
248.0,250.5,93,A6,2.5,0,62,0.0
250.5,251.0,91,G6,0.5,0,62,2.5
251.0,251.5,89,F6,0.5,0,62,3.0
251.5,252.0,86,D6,0.5,0,62,3.5
252.0,252.5,83,B5,0.5,0,63,0.0
252.5,253.0,81,A5,0.5,0,63,0.5
253.0,253.5,79,G5,0.5,0,63,1.0
253.5,254.0,77,F5,0.5,0,63,1.5
254.0,254.5,74,D5,0.5,0,63,2.0
254.5,255.0,71,B4,0.5,0,63,2.5
255.0,255.5,69,A4,0.5,0,63,3.0
255.5,256.0,67,G4,0.5,0,63,3.5
256.0,256.5,65,F4,0.5,0,64,0.0
256.5,257.0,62,D4,0.5,0,64,0.5
257.0,257.5,59,B3,0.5,0,64,1.0
257.5,258.0,57,A3,0.5,0,64,1.5
258.0,258.5,55,G3,0.5,0,64,2.0
258.5,259.0,59,B3,0.5,0,64,2.5
259.0,259.5,62,D4,0.5,0,64,3.0
259.5,260.0,65,F4,0.5,0,64,3.5
260.0,260.5,64,E4,0.5,0,65,0.0
260.5,261.0,62,D4,0.5,0,65,0.5
261.0,261.5,60,C4,0.5,0,65,1.0
261.5,262.0,74,D5,0.5,0,65,1.5
262.0,262.5,72,C5,0.5,0,65,2.0
262.5,263.0,71,B4,0.5,0,65,2.5
263.0,263.5,69,A4,0.5,0,65,3.0
263.5,264.0,77,F5,0.5,0,65,3.5
264.0,264.5,76,E5,0.5,0,66,0.0
264.5,265.0,72,C5,0.5,0,66,0.5
265.0,265.5,69,A4,0.5,0,66,1.0
265.5,266.0,80,G#5,0.5,0,66,1.5
266.0,266.5,81,A5,0.5,0,66,2.0
266.5,267.0,76,E5,0.5,0,66,2.5
267.0,267.5,72,C5,0.5,0,66,3.0
267.5,268.0,87,D#6,0.5,0,66,3.5
268.0,268.5,88,E6,0.5,0,67,0.0
268.5,269.0,85,C#6,0.5,0,67,0.5
269.0,269.5,82,Bb5,0.5,0,67,1.0
269.5,270.0,79,G5,0.5,0,67,1.5
270.0,270.5,76,E5,0.5,0,67,2.0
270.5,271.0,73,C#5,0.5,0,67,2.5
271.0,271.5,70,Bb4,0.5,0,67,3.0
271.5,272.0,67,G4,0.5,0,67,3.5
272.0,272.333,66,F#4,0.333,0,68,0.0
272.333,272.667,66,F#4,0.333,0,68,0.333
272.667,273.0,66,F#4,0.333,0,68,0.667
273.0,273.333,62,D4,0.333,0,68,1.0
273.0,273.333,66,F#4,0.333,0,68,1.0
273.333,273.666,66,F#4,0.333,0,68,1.333
273.333,273.667,62,D4,0.333,0,68,1.333
273.667,274.0,62,D4,0.333,0,68,1.667
273.667,274.0,66,F#4,0.333,0,68,1.667
274.0,274.333,64,Fb4,0.333,0,68,2.0
274.0,274.333,69,A4,0.333,0,68,2.0
274.333,274.667,63,Eb4,0.333,0,68,2.333
274.333,274.666,67,G4,0.333,0,68,2.333
274.667,275.0,63,Eb4,0.333,0,68,2.667
274.667,275.0,66,Gb4,0.333,0,68,2.667
275.0,275.333,66,Gb4,0.333,0,68,3.0
275.0,275.333,64,E4,0.333,0,68,3.0
275.333,275.666,66,Gb4,0.333,0,68,3.333
275.333,275.667,64,E4,0.333,0,68,3.333
275.667,276.0,64,E4,0.333,0,68,3.667
275.667,276.0,66,Gb4,0.333,0,68,3.667
276.0,276.333,65,F4,0.333,0,69,0.0
276.0,276.333,69,A4,0.333,0,69,0.0
276.333,276.667,65,F4,0.333,0,69,0.333
276.333,276.666,69,A4,0.333,0,69,0.333
276.667,277.0,65,F4,0.333,0,69,0.667
276.667,277.0,69,A4,0.333,0,69,0.667
277.0,277.333,66,F#4,0.333,0,69,1.0
277.0,277.333,69,A4,0.333,0,69,1.0
277.333,277.666,69,A4,0.333,0,69,1.333
277.333,277.667,66,F#4,0.333,0,69,1.333
277.667,278.0,66,F#4,0.333,0,69,1.667
277.667,278.0,69,A4,0.333,0,69,1.667
278.0,278.333,67,G4,0.333,0,69,2.0
278.0,278.333,70,Bb4,0.333,0,69,2.0
278.333,278.667,67,G4,0.333,0,69,2.333
278.333,278.666,70,Bb4,0.333,0,69,2.333
278.667,279.0,67,G4,0.333,0,69,2.667
278.667,279.0,70,Bb4,0.333,0,69,2.667
279.0,279.333,69,A4,0.333,0,69,3.0
279.0,279.333,72,C5,0.333,0,69,3.0
279.333,279.666,72,C5,0.333,0,69,3.333
279.333,279.667,69,A4,0.333,0,69,3.333
279.667,280.0,69,A4,0.333,0,69,3.667
279.667,280.0,72,C5,0.333,0,69,3.667
280.0,280.333,70,Bb4,0.333,0,70,0.0
280.0,280.333,74,D5,0.333,0,70,0.0
280.333,280.667,70,Bb4,0.333,0,70,0.333
280.333,280.666,74,D5,0.333,0,70,0.333
280.667,281.0,70,Bb4,0.333,0,70,0.667
280.667,281.0,74,D5,0.333,0,70,0.667
281.0,281.333,71,B4,0.333,0,70,1.0
281.0,281.333,74,D5,0.333,0,70,1.0
281.333,281.666,74,D5,0.333,0,70,1.333
281.333,281.667,71,B4,0.333,0,70,1.333
281.667,282.0,71,B4,0.333,0,70,1.667
281.667,282.0,74,D5,0.333,0,70,1.667
282.0,282.333,72,C5,0.333,0,70,2.0
282.0,282.333,75,Eb5,0.333,0,70,2.0
282.333,282.667,72,C5,0.333,0,70,2.333
282.333,282.666,75,Eb5,0.333,0,70,2.333
282.667,283.0,72,C5,0.333,0,70,2.667
282.667,283.0,75,Eb5,0.333,0,70,2.667
283.0,283.333,73,C#5,0.333,0,70,3.0
283.0,283.333,76,E5,0.333,0,70,3.0
283.333,283.666,76,E5,0.333,0,70,3.333
283.333,283.667,73,C#5,0.333,0,70,3.333
283.667,284.0,73,C#5,0.333,0,70,3.667
283.667,284.0,76,E5,0.333,0,70,3.667
284.0,284.333,73,C#5,0.333,0,71,0.0
284.0,284.333,79,G5,0.333,0,71,0.0
284.333,284.667,73,C#5,0.333,0,71,0.333
284.333,284.666,79,G5,0.333,0,71,0.333
284.667,285.0,73,C#5,0.333,0,71,0.667
284.667,285.0,79,G5,0.333,0,71,0.667
285.0,285.333,76,E5,0.333,0,71,1.0
285.0,285.333,82,Bb5,0.333,0,71,1.0
285.333,285.666,82,Bb5,0.333,0,71,1.333
285.333,285.667,76,E5,0.333,0,71,1.333
285.667,286.0,76,E5,0.333,0,71,1.667
285.667,286.0,82,Bb5,0.333,0,71,1.667
286.0,286.333,76,E5,0.333,0,71,2.0
286.0,286.333,82,Bb5,0.333,0,71,2.0
286.333,286.667,76,E5,0.333,0,71,2.333
286.333,286.666,82,Bb5,0.333,0,71,2.333
286.667,287.0,76,E5,0.333,0,71,2.667
286.667,287.0,82,Bb5,0.333,0,71,2.667
287.0,287.333,79,G5,0.333,0,71,3.0
287.0,287.333,85,C#6,0.333,0,71,3.0
287.333,287.667,79,G5,0.333,0,71,3.333
287.333,287.666,85,C#6,0.333,0,71,3.333
287.667,288.0,85,C#6,0.333,0,71,3.667
287.667,288.0,79,G5,0.333,0,71,3.667
292.0,292.333,65,F4,0.333,0,73,0.0
292.0,292.333,69,A4,0.333,0,73,0.0
292.333,292.667,65,F4,0.333,0,73,0.333
292.333,292.666,69,A4,0.333,0,73,0.333
292.667,293.0,65,F4,0.333,0,73,0.667
292.667,293.0,69,A4,0.333,0,73,0.667
293.0,293.333,66,F#4,0.333,0,73,1.0
293.0,293.333,69,A4,0.333,0,73,1.0
293.333,293.667,66,F#4,0.333,0,73,1.333
293.333,293.666,69,A4,0.333,0,73,1.333
293.667,294.0,69,A4,0.333,0,73,1.667
293.667,294.0,66,F#4,0.333,0,73,1.667
294.0,294.333,67,G4,0.333,0,73,2.0
294.0,294.333,70,Bb4,0.333,0,73,2.0
294.333,294.667,67,G4,0.333,0,73,2.333
294.333,294.666,70,Bb4,0.333,0,73,2.333
294.667,295.0,67,G4,0.333,0,73,2.667
294.667,295.0,70,Bb4,0.333,0,73,2.667
295.0,295.333,69,A4,0.333,0,73,3.0
295.0,295.333,72,C5,0.333,0,73,3.0
295.333,295.667,69,A4,0.333,0,73,3.333
295.333,295.666,72,C5,0.333,0,73,3.333
295.667,296.0,72,C5,0.333,0,73,3.667
295.667,296.0,69,A4,0.333,0,73,3.667
296.0,296.333,70,Bb4,0.333,0,74,0.0
296.0,296.333,74,D5,0.333,0,74,0.0
296.333,296.667,70,Bb4,0.333,0,74,0.333
296.333,296.666,74,D5,0.333,0,74,0.333
296.667,297.0,70,Bb4,0.333,0,74,0.667
296.667,297.0,74,D5,0.333,0,74,0.667
297.0,297.333,71,B4,0.333,0,74,1.0
297.0,297.333,74,D5,0.333,0,74,1.0
297.333,297.666,74,D5,0.333,0,74,1.333
297.333,297.667,71,B4,0.333,0,74,1.333
297.667,298.0,74,D5,0.333,0,74,1.667
297.667,298.0,71,B4,0.333,0,74,1.667
298.0,298.333,72,C5,0.333,0,74,2.0
298.0,298.333,75,Eb5,0.333,0,74,2.0
298.333,298.667,72,C5,0.333,0,74,2.333
298.333,298.666,75,Eb5,0.333,0,74,2.333
298.667,299.0,72,C5,0.333,0,74,2.667
298.667,299.0,75,Eb5,0.333,0,74,2.667
299.0,299.333,76,E5,0.333,0,74,3.0
299.0,299.333,73,C#5,0.333,0,74,3.0
299.333,299.666,76,E5,0.333,0,74,3.333
299.333,299.667,73,C#5,0.333,0,74,3.333
299.667,300.0,73,C#5,0.333,0,74,3.667
299.667,300.0,76,E5,0.333,0,74,3.667
300.0,300.333,79,G5,0.333,0,75,0.0
300.0,300.333,73,C#5,0.333,0,75,0.0
300.333,300.667,73,C#5,0.333,0,75,0.333
300.333,300.666,79,G5,0.333,0,75,0.333
300.667,301.0,73,C#5,0.333,0,75,0.667
300.667,301.0,79,G5,0.333,0,75,0.667
301.0,301.333,76,E5,0.333,0,75,1.0
301.0,301.333,82,Bb5,0.333,0,75,1.0
301.333,301.667,76,E5,0.333,0,75,1.333
301.333,301.666,82,Bb5,0.333,0,75,1.333
301.667,302.0,82,Bb5,0.333,0,75,1.667
301.667,302.0,76,E5,0.333,0,75,1.667
302.0,302.333,76,E5,0.333,0,75,2.0
302.0,302.333,82,Bb5,0.333,0,75,2.0
302.333,302.667,76,E5,0.333,0,75,2.333
302.333,302.666,82,Bb5,0.333,0,75,2.333
302.667,303.0,76,E5,0.333,0,75,2.667
302.667,303.0,82,Bb5,0.333,0,75,2.667
303.0,303.333,79,G5,0.333,0,75,3.0
303.0,303.333,85,C#6,0.333,0,75,3.0
303.333,303.666,85,C#6,0.333,0,75,3.333
303.333,303.667,79,G5,0.333,0,75,3.333
303.667,304.0,79,G5,0.333,0,75,3.667
303.667,304.0,85,C#6,0.333,0,75,3.667
304.0,304.333,76,E5,0.333,0,76,0.0
304.0,304.333,82,Bb5,0.333,0,76,0.0

304.333,304.667,76,E5,0.333,0,76,0.333
304.333,304.666,82,Bb5,0.333,0,76,0.333
304.667,305.0,76,E5,0.333,0,76,0.667
304.667,305.0,82,Bb5,0.333,0,76,0.667
305.0,305.333,86,D6,0.333,0,76,1.0
305.0,306.0,78,F#5,1.0,0,76,0.0
305.333,305.667,87,Eb6,0.333,0,76,1.333
305.667,306.0,86,D6,0.333,0,76,1.667
306.0,306.333,62,D4,0.333,0,76,2.0
306.333,306.667,62,D4,0.333,0,76,2.333
306.667,307.0,62,D4,0.333,0,76,2.667
307.0,308.0,75,Eb5,1.0,0,76,3.0
307.0,307.333,84,C6,0.333,0,76,3.0
307.333,307.667,86,D6,0.333,0,76,3.333
307.667,308.0,84,C6,0.333,0,76,3.667
308.0,308.333,62,D4,0.333,0,77,0.0
308.333,308.667,62,D4,0.333,0,77,0.333
308.667,309.0,62,D4,0.333,0,77,0.667
309.0,310.0,74,D5,1.0,0,77,1.0
309.0,309.333,82,Bb5,0.333,0,77,1.0
309.333,309.667,84,C6,0.333,0,77,1.333
309.667,310.0,82,Bb5,0.333,0,77,1.667
310.0,310.333,62,D4,0.333,0,77,2.0
310.333,310.667,62,D4,0.333,0,77,2.333
310.667,311.0,62,D4,0.333,0,77,2.667
311.0,311.333,81,A5,0.333,0,77,3.0
311.0,312.0,72,C5,1.0,0,77,3.0
311.333,311.667,82,Bb5,0.333,0,77,3.333
311.667,312.0,81,A5,0.333,0,77,3.667
312.0,312.333,62,D4,0.333,0,78,0.0
312.333,312.667,62,D4,0.333,0,78,0.333
312.667,313.0,62,D4,0.333,0,78,0.667
313.0,313.333,79,G5,0.333,0,78,1.0
313.0,314.0,70,Bb4,1.0,0,78,1.0
313.333,313.667,81,A5,0.333,0,78,1.333
313.667,314.0,79,G5,0.333,0,78,1.667
314.0,314.333,62,D4,0.333,0,78,2.0
314.333,314.667,62,D4,0.333,0,78,2.333
314.667,315.0,62,D4,0.333,0,78,2.667
315.0,316.0,75,Eb5,1.0,0,78,3.0
315.0,315.333,84,C6,0.333,0,78,3.0
315.333,315.667,86,D6,0.333,0,78,3.333
315.667,316.0,84,C6,0.333,0,78,3.667
316.0,316.333,62,D4,0.333,0,79,0.0
316.333,316.667,62,D4,0.333,0,79,0.333
316.667,317.0,62,D4,0.333,0,79,0.667
317.0,317.333,82,Bb5,0.333,0,79,1.0
317.0,318.0,74,D5,1.0,0,79,1.0
317.333,317.667,84,C6,0.333,0,79,1.333
317.667,318.0,82,Bb5,0.333,0,79,1.667
318.0,318.333,62,D4,0.333,0,79,2.0
318.333,318.667,62,D4,0.333,0,79,2.333
318.667,319.0,62,D4,0.333,0,79,2.667
319.0,319.333,80,Ab5,0.333,0,79,3.0
319.0,320.0,70,Bb4,1.0,0,79,3.0
319.333,319.667,82,Bb5,0.333,0,79,3.333
319.667,320.0,80,Ab5,0.333,0,79,3.667
320.0,320.333,63,Eb4,0.333,0,80,0.0
320.333,320.667,63,Eb4,0.333,0,80,0.333
320.667,321.0,63,Eb4,0.333,0,80,0.667
321.0,322.0,70,Bb4,1.0,0,80,1.0
321.0,321.333,79,G5,0.333,0,80,1.0
321.333,321.667,80,Ab5,0.333,0,80,1.333
321.667,322.0,79,G5,0.333,0,80,1.667
322.0,322.333,62,D4,0.333,0,80,2.0
322.333,322.667,62,D4,0.333,0,80,2.333
322.667,323.0,62,D4,0.333,0,80,2.667
323.0,324.0,70,Bb4,1.0,0,80,3.0
323.0,323.333,80,Ab5,0.333,0,80,3.0
323.333,323.667,82,Bb5,0.333,0,80,3.333
323.667,324.0,80,Ab5,0.333,0,80,3.667
324.0,324.333,63,Eb4,0.333,0,81,0.0
324.333,324.667,63,Eb4,0.333,0,81,0.333
324.667,325.0,63,Eb4,0.333,0,81,0.667
325.0,326.0,70,Bb4,1.0,0,81,1.0
325.0,325.333,79,G5,0.333,0,81,1.0
325.333,325.667,80,Ab5,0.333,0,81,1.333
325.667,326.0,79,G5,0.333,0,81,1.667
326.0,326.333,62,D4,0.333,0,81,2.0
326.333,326.667,62,D4,0.333,0,81,2.333
326.667,327.0,62,D4,0.333,0,81,2.667
327.0,327.333,80,Ab5,0.333,0,81,3.0
327.0,328.0,70,Bb4,1.0,0,81,3.0
327.333,327.667,82,Bb5,0.333,0,81,3.333
327.667,328.0,80,Ab5,0.333,0,81,3.667
328.0,328.333,63,Eb4,0.333,0,82,0.0
328.333,328.667,63,Eb4,0.333,0,82,0.333
328.667,329.0,63,Eb4,0.333,0,82,0.667
329.0,329.333,79,G5,0.333,0,82,1.0
329.0,330.0,70,Bb4,1.0,0,82,1.0
329.333,329.667,80,Ab5,0.333,0,82,1.333
329.667,330.0,79,G5,0.333,0,82,1.667
330.0,330.333,63,Eb4,0.333,0,82,2.0
330.333,330.667,63,Eb4,0.333,0,82,2.333
330.667,331.0,63,Eb4,0.333,0,82,2.667
331.0,332.0,70,Bb4,1.0,0,82,3.0
331.0,331.333,79,G5,0.333,0,82,3.0
331.333,331.667,80,Ab5,0.333,0,82,3.333
331.667,332.0,79,G5,0.333,0,82,3.667
332.0,332.333,67,G4,0.333,0,83,0.0
332.333,332.667,67,G4,0.333,0,83,0.333
332.667,333.0,67,G4,0.333,0,83,0.667
333.0,333.333,82,Bb5,0.333,0,83,1.0
333.0,334.0,75,Eb5,1.0,0,83,1.0
333.333,333.667,84,C6,0.333,0,83,1.333
333.667,334.0,82,Bb5,0.333,0,83,1.667
334.0,334.333,70,Bb4,0.333,0,83,2.0
334.333,334.667,70,Bb4,0.333,0,83,2.333
334.667,335.0,70,Bb4,0.333,0,83,2.667
335.0,335.333,87,Eb6,0.333,0,83,3.0
335.0,336.0,79,G5,1.0,0,83,3.0
335.333,335.667,89,F6,0.333,0,83,3.333
335.667,336.0,87,Eb6,0.333,0,83,3.667
336.0,336.5,65,F4,0.5,0,84,0.0
336.5,337.0,70,Bb4,0.5,0,84,0.5
337.0,337.5,74,D5,0.5,0,84,1.0
337.5,338.0,76,E5,0.5,0,84,1.5
338.0,338.5,77,F5,0.5,0,84,2.0
338.5,339.0,82,Bb5,0.5,0,84,2.5
339.0,339.5,86,D6,0.5,0,84,3.0
339.5,340.0,88,E6,0.5,0,84,3.5
340.0,340.5,89,F6,0.5,0,85,0.0
340.5,341.0,86,D6,0.5,0,85,0.5
341.0,341.5,82,Bb5,0.5,0,85,1.0
341.5,342.0,77,F5,0.5,0,85,1.5
342.0,342.5,74,D5,0.5,0,85,2.0
342.5,343.0,70,Bb4,0.5,0,85,2.5
343.0,343.5,67,G4,0.5,0,85,3.0
343.5,344.0,65,F4,0.5,0,85,3.5
344.0,344.5,64,E4,0.5,0,86,0.0
344.5,345.0,67,G4,0.5,0,86,0.5
345.0,345.5,70,Bb4,0.5,0,86,1.0
345.5,346.0,73,C#5,0.5,0,86,1.5
346.0,346.5,76,E5,0.5,0,86,2.0
346.5,347.0,79,G5,0.5,0,86,2.5
347.0,347.5,82,Bb5,0.5,0,86,3.0
347.5,348.0,85,C#6,0.5,0,86,3.5
348.0,348.5,88,E6,0.5,0,87,0.0
348.5,349.0,85,C#6,0.5,0,87,0.5
349.0,349.5,82,Bb5,0.5,0,87,1.0
349.5,350.0,79,G5,0.5,0,87,1.5
350.0,350.5,76,E5,0.5,0,87,2.0
350.5,351.0,73,C#5,0.5,0,87,2.5
351.0,351.5,70,Bb4,0.5,0,87,3.0
351.5,352.0,67,G4,0.5,0,87,3.5
352.0,352.5,65,F4,0.5,0,88,0.0
352.5,353.0,69,A4,0.5,0,88,0.5
353.0,353.5,72,C5,0.5,0,88,1.0
353.5,354.0,75,Eb5,0.5,0,88,1.5
354.0,354.5,77,F5,0.5,0,88,2.0
354.5,355.0,81,A5,0.5,0,88,2.5
355.0,355.5,84,C6,0.5,0,88,3.0
355.5,356.0,87,Eb6,0.5,0,88,3.5
356.0,356.5,84,C6,0.5,0,89,0.0
356.5,357.0,81,A5,0.5,0,89,0.5
357.0,357.5,77,F5,0.5,0,89,1.0
357.5,358.0,75,Eb5,0.5,0,89,1.5
358.0,358.5,72,C5,0.5,0,89,2.0
358.5,359.0,69,A4,0.5,0,89,2.5
359.0,359.5,65,F4,0.5,0,89,3.0
359.5,360.0,63,Eb4,0.5,0,89,3.5
360.0,360.5,62,D4,0.5,0,90,0.0
360.5,361.0,66,F#4,0.5,0,90,0.5
361.0,361.5,69,A4,0.5,0,90,1.0
361.5,362.0,72,C5,0.5,0,90,1.5
362.0,362.5,74,D5,0.5,0,90,2.0
362.5,363.0,78,F#5,0.5,0,90,2.5
363.0,363.5,81,A5,0.5,0,90,3.0
363.5,364.0,87,Eb6,0.5,0,90,3.5
364.0,364.5,86,D6,0.5,0,91,0.0
364.5,365.0,84,C6,0.5,0,91,0.5
365.0,365.5,81,A5,0.5,0,91,1.0
365.5,366.0,78,F#5,0.5,0,91,1.5
366.0,366.5,74,D5,0.5,0,91,2.0
366.5,367.0,72,C5,0.5,0,91,2.5
367.0,367.5,69,A4,0.5,0,91,3.0
367.5,368.0,66,F#4,0.5,0,91,3.5
368.0,368.5,62,D4,0.5,0,92,0.0
368.5,369.0,66,F#4,0.5,0,92,0.5
369.0,369.5,67,G4,0.5,0,92,1.0
369.5,370.0,69,A4,0.5,0,92,1.5
370.0,370.5,70,Bb4,0.5,0,92,2.0
370.5,371.0,69,A4,0.5,0,92,2.5
371.0,371.5,67,G4,0.5,0,92,3.0
371.5,372.0,70,Bb4,0.5,0,92,3.5
372.0,372.5,74,D5,0.5,0,93,0.0
372.5,373.0,66,F#4,0.5,0,93,0.5
373.0,373.5,67,G4,0.5,0,93,1.0
373.5,374.0,71,B4,0.5,0,93,1.5
374.0,374.5,74,D5,0.5,0,93,2.0
374.5,375.0,72,C5,0.5,0,93,2.5
375.0,375.5,71,B4,0.5,0,93,3.0
375.5,376.0,74,D5,0.5,0,93,3.5
376.0,376.5,79,G5,0.5,0,94,0.0
376.5,377.0,72,C5,0.5,0,94,0.5
377.0,377.5,71,B4,0.5,0,94,1.0
377.5,378.0,72,C5,0.5,0,94,1.5
378.0,378.5,74,D5,0.5,0,94,2.0
378.5,379.0,75,Eb5,0.5,0,94,2.5
379.0,379.5,74,D5,0.5,0,94,3.0
379.5,380.0,75,Eb5,0.5,0,94,3.5
380.0,380.5,78,F#5,0.5,0,95,0.0
380.5,381.0,79,G5,0.5,0,95,0.5
381.0,381.5,78,F#5,0.5,0,95,1.0
381.5,382.0,79,G5,0.5,0,95,1.5
382.0,382.5,82,A#5,0.5,0,95,2.0
382.5,383.0,83,B5,0.5,0,95,2.5
383.0,383.5,82,A#5,0.5,0,95,3.0
383.5,384.0,83,B5,0.5,0,95,3.5
384.0,384.5,87,D#6,0.5,0,96,0.0
384.5,385.0,88,E6,0.5,0,96,0.5
385.0,385.5,87,D#6,0.5,0,96,1.0
385.5,386.0,88,E6,0.5,0,96,1.5
386.0,392.0,91,G6,6.0,0,96,2.0
392.0,394.0,91,G6,2.0,0,98,0.0
394.0,397.0,95,B6,3.0,0,98,2.0
397.0,398.0,91,G6,1.0,0,99,1.0
398.0,399.0,86,D6,1.0,0,99,2.0
399.0,400.0,83,B5,1.0,0,99,3.0
400.0,401.0,79,G5,1.0,0,100,0.0
401.0,402.0,74,D5,1.0,0,100,1.0
402.0,403.0,71,B4,1.0,0,100,2.0
403.0,404.0,67,G4,1.0,0,100,3.0
404.0,405.0,66,F#4,1.0,0,101,0.0
405.0,406.0,62,D4,1.0,0,101,1.0
406.0,407.0,60,C4,1.0,0,101,2.0
407.0,408.0,57,A3,1.0,0,101,3.0
408.0,412.0,55,G3,4.0,0,102,0.0
